date,position_cost,position_mtm,n_open_lots,n_tickers,realized_pnl,unrealized_pnl,total_pnl,daily_pnl,cum_pnl
2023-03-17,500001.0,500001.0,1,1,0.0,0.0,0.0,0.0,0.0
2023-03-20,500001.0,507742.8704820686,1,1,0.0,7741.870482068663,7741.870482068663,7741.870482068663,7741.870482068663
2023-03-21,500001.0,513807.42565897934,1,1,0.0,13806.425658979313,13806.425658979313,6064.5551769106505,13806.425658979313
2023-03-22,500001.0,509130.04557606287,1,1,0.0,9129.04557606288,9129.04557606288,-4677.380082916434,9129.04557606288
2023-03-23,500001.0,512678.3528992571,1,1,0.0,12677.352899257136,12677.352899257136,3548.3073231942562,12677.352899257136
2023-03-24,500001.0,516936.4916227867,1,1,0.0,16935.49162278672,16935.49162278672,4258.138723529586,16935.49162278672
2023-03-27,500001.0,510581.6462914507,1,1,0.0,10580.646291450788,10580.646291450788,-6354.845331335933,10580.646291450788
2023-03-28,500001.0,508549.3153239508,1,1,0.0,8548.315323950823,8548.315323950823,-2032.3309674999655,8548.315323950823
2023-03-29,500001.0,518613.9568712062,1,1,0.0,18612.956871206225,18612.956871206225,10064.641547255402,18612.956871206225
2023-03-30,500001.0,523743.01603909873,1,1,0.0,23742.01603909875,23742.01603909875,5129.059167892527,23742.01603909875
2023-03-31,500001.0,531936.5156250562,1,1,0.0,31935.515625056196,31935.515625056196,8193.499585957445,31935.515625056196
2023-04-03,500001.0,536033.3653802094,1,1,0.0,36032.365380209376,36032.365380209376,4096.84975515318,36032.365380209376
2023-04-04,500001.0,534291.424529309,1,1,0.0,34290.42452930909,34290.42452930909,-1741.9408509002824,34290.42452930909
2023-04-05,500001.0,528259.1071536387,1,1,0.0,28258.107153638775,28258.107153638775,-6032.317375670318,28258.107153638775
2023-04-06,500001.0,531162.4085465888,1,1,0.0,31161.408546588882,31161.408546588882,2903.3013929501067,31161.408546588882
2023-04-10,500001.0,522678.36890077015,1,1,0.0,22677.368900770154,22677.368900770154,-8484.039645818728,22677.368900770154
2023-04-11,500001.0,518710.62029384024,1,1,0.0,18709.620293840253,18709.620293840253,-3967.748606929901,18709.620293840253
2023-04-12,500001.0,516452.6746987446,1,1,0.0,16451.674698744584,16451.674698744584,-2257.945595095669,16451.674698744584
2023-04-13,500001.0,534065.6099773647,1,1,0.0,34064.60997736459,34064.60997736459,17612.935278620007,34064.60997736459
2023-04-14,500001.0,532936.4872365552,1,1,0.0,32935.487236555215,32935.487236555215,-1129.1227408093764,32935.487236555215
2023-04-17,500001.0,533001.0628012104,1,1,0.0,33000.06280121039,33000.06280121039,64.575564655177,33000.06280121039
2023-04-18,500001.0,537001.099190468,1,1,0.0,37000.09919046795,37000.09919046795,4000.036389257555,37000.09919046795
2023-04-19,500001.0,540742.9832643663,1,1,0.0,40741.98326436626,40741.98326436626,3741.8840738983126,40741.98326436626
2023-04-20,500001.0,537581.7294804057,1,1,0.0,37580.7294804056,37580.7294804056,-3161.2537839606593,37580.7294804056
2023-04-21,500001.0,532323.7191075515,1,1,0.0,32322.719107551507,32322.719107551507,-5258.010372854093,32322.719107551507
2023-04-24,500001.0,533323.590756876,1,1,0.0,33322.590756876125,33322.590756876125,999.8716493246175,33322.590756876125
2023-04-25,500001.0,528291.3449548791,1,1,0.0,28290.34495487911,28290.34495487911,-5032.2458019970145,28290.34495487911
2023-04-26,500001.0,528259.1071536387,1,1,0.0,28258.107153638775,28258.107153638775,-32.2378012403351,28258.107153638775
2023-04-27,500001.0,543259.1311559083,1,1,0.0,43258.13115590825,43258.13115590825,15000.024002269478,43258.13115590825
2023-04-28,500001.0,547355.7809867127,1,1,0.0,47354.78098671263,47354.78098671263,4096.649830804374,47354.78098671263
2023-05-01,500001.0,547065.5907944618,1,1,0.0,47064.59079446174,47064.59079446174,-290.19019225088414,47064.59079446174
2023-05-02,500001.0,543678.5224585568,1,1,0.0,43677.52245855681,43677.52245855681,-3387.0683359049362,43677.52245855681
2023-05-03,500001.0,540162.3529744286,1,1,0.0,40161.35297442849,40161.35297442849,-3516.169484128317,40161.35297442849
2023-05-04,500001.0,534807.4792545915,1,1,0.0,34806.47925459157,34806.47925459157,-5354.87371983692,34806.47925459157
2023-05-05,500001.0,559904.382605357,1,1,0.0,59903.38260535689,59903.38260535689,25096.903350765322,59903.38260535689
2023-05-08,500001.0,559678.4181101508,1,1,0.0,59677.4181101509,59677.4181101509,-225.9644952059898,59677.4181101509
2023-05-09,500001.0,554097.879781631,1,1,0.0,54096.879781631076,54096.879781631076,-5580.538328519826,54096.879781631076
2023-05-10,500001.0,559872.0948230294,1,1,0.0,59871.09482302935,59871.09482302935,5774.2150413982745,59871.09482302935
2023-05-11,500001.0,560484.9629142075,1,1,0.0,60483.962914207455,60483.962914207455,612.8680911781048,60483.962914207455
2023-05-12,500001.0,557448.4619238841,1,1,0.0,57447.46192388413,57447.46192388413,-3036.500990323322,57447.46192388413
2023-05-15,500001.0,555833.4230533706,1,1,0.0,55832.42305337045,55832.42305337045,-1615.0388705136866,55832.42305337045
2023-05-16,500001.0,555833.4230533706,1,1,0.0,55832.42305337045,55832.42305337045,0.0,55832.42305337045
2023-05-17,500001.0,557836.1652172514,1,1,0.0,57835.165217251335,57835.165217251335,2002.7421638808883,57835.165217251335
2023-05-18,500001.0,565459.4805604948,1,1,0.0,65458.480560494776,65458.480560494776,7623.315343243441,65458.480560494776
2023-05-19,500001.0,565814.9460526216,1,1,0.0,65813.94605262153,65813.94605262153,355.4654921267502,65813.94605262153
2023-05-22,500001.0,562713.7695354687,1,1,0.0,62712.76953546874,62712.76953546874,-3101.1765171527877,62712.76953546874
2023-05-23,500001.0,554185.8964761804,1,1,0.0,54184.89647618042,54184.89647618042,-8527.873059288315,54184.89647618042
2023-05-24,500001.0,555090.404211138,1,1,0.0,55089.40421113809,55089.40421113809,904.5077349576677,55089.40421113809
2023-05-25,500001.0,558805.2984979514,1,1,0.0,58804.298497951386,58804.298497951386,3714.8942868132945,58804.298497951386
2023-05-26,500001.0,566687.1160241644,1,1,0.0,66686.11602416435,66686.11602416435,7881.817526212966,66686.11602416435
2023-05-30,500001.0,572727.730260309,1,1,0.0,72726.73026030895,72726.73026030895,6040.614236144596,72726.73026030895
2023-05-31,500001.0,572566.1913864965,1,1,0.0,72565.19138649655,72565.19138649655,-161.53887381240202,72565.19138649655
2023-06-01,500001.0,581740.1699599472,1,1,0.0,81739.16995994718,81739.16995994718,9173.97857345063,81739.16995994718
2023-06-02,500001.0,584518.2687294753,1,1,0.0,84517.26872947527,84517.26872947527,2778.098769528093,84517.26872947527
2023-06-05,500001.0,580092.7433449316,1,1,0.0,80091.74334493156,80091.74334493156,-4425.525384543711,80091.74334493156
2023-06-06,500001.0,578897.4456446768,1,1,0.0,78896.44564467671,78896.44564467671,-1195.2977002548432,78896.44564467671
2023-06-07,500001.0,574407.4946387394,1,1,0.0,74406.49463873942,74406.49463873942,-4489.951005937299,74406.49463873942
2023-06-08,500001.0,583290.6832468929,1,1,0.0,83289.68324689289,83289.68324689289,8883.188608153476,83289.68324689289
2023-06-09,500001.0,584550.556511803,1,1,0.0,84549.55651180292,84549.55651180292,1259.8732649100275,84549.55651180292
2023-06-12,500001.0,593692.1973218388,1,1,0.0,93691.19732183882,93691.19732183882,9141.640810035897,93691.19732183882
2023-06-13,500001.0,592141.6840348932,1,1,0.0,92140.68403489311,92140.68403489311,-1550.513286945701,92140.68403489311
2023-06-14,500001.0,594209.0517445164,1,1,0.0,94208.05174451637,94208.05174451637,2067.367709623257,94208.05174451637
2023-06-15,1250003.0,1350865.3837503213,3,2,0.0,100862.38375032137,100862.38375032137,6654.332005805001,100862.38375032137
2023-06-16,1250003.0,1337591.5864160128,3,2,0.0,87588.58641601287,87588.58641601287,-13273.797334308503,87588.58641601287
2023-06-20,1250003.0,1331855.6108358714,3,2,0.0,81852.6108358714,81852.6108358714,-5735.975580141472,81852.6108358714
2023-06-21,1250003.0,1320603.257694159,3,2,0.0,70600.257694159,70600.257694159,-11252.353141712403,70600.257694159
2023-06-22,1250003.0,1343342.7211605469,3,2,0.0,93339.7211605469,93339.7211605469,22739.46346638791,93339.7211605469
2023-06-23,1250003.0,1335142.3884446064,3,2,0.0,85139.38844460653,85139.38844460653,-8200.33271594037,85139.38844460653
2023-06-26,1250003.0,1319471.345757198,3,2,0.0,69468.34575719816,69468.34575719816,-15671.042687408379,69468.34575719816
2023-06-27,1250003.0,1340808.6032706175,3,2,0.0,90805.60327061752,90805.60327061752,21337.25751341936,90805.60327061752
2023-06-28,1250003.0,1348090.6153726878,3,2,0.0,98087.6153726877,98087.6153726877,7282.012102070177,98087.6153726877
2023-06-29,1250003.0,1348496.6255883682,3,2,0.0,98493.62558836804,98493.62558836804,406.01021568034776,98493.62558836804
2023-06-30,1250003.0,1376417.8147136471,3,2,0.0,126414.814713647,126414.814713647,27921.189125278965,126414.814713647
2023-07-03,1250003.0,1365847.8973674648,3,2,0.0,115844.89736746498,115844.89736746498,-10569.917346182032,115844.89736746498
2023-07-05,1250003.0,1360908.8374893148,3,2,0.0,110905.83748931477,110905.83748931477,-4939.059878150205,110905.83748931477
2023-07-06,1250003.0,1367585.8804049925,3,2,0.0,117582.88040499264,117582.88040499264,6677.04291567787,117582.88040499264
2023-07-07,1250003.0,1356599.5340184218,3,2,0.0,106596.53401842163,106596.53401842163,-10986.346386571007,106596.53401842163
2023-07-10,1250003.0,1339388.7283058064,3,2,0.0,89385.72830580658,89385.72830580658,-17210.805712615052,89385.72830580658
2023-07-11,1250003.0,1337883.8177619565,3,2,0.0,87880.81776195654,87880.81776195654,-1504.910543850041,87880.81776195654
2023-07-12,1250003.0,1352408.5281467629,3,2,0.0,102405.52814676294,102405.52814676294,14524.7103848064,102405.52814676294
2023-07-13,1250003.0,1363773.0986307133,3,2,0.0,113770.0986307132,113770.0986307132,11364.570483950258,113770.0986307132
2023-07-14,1250003.0,1368165.1490036985,3,2,0.0,118162.14900369859,118162.14900369859,4392.050372985395,118162.14900369859
2023-07-17,1250003.0,1383964.287993514,3,2,0.0,133961.28799351404,133961.28799351404,15799.138989815445,133961.28799351404
2023-07-18,1250003.0,1402539.101286716,3,2,0.0,152536.10128671606,152536.10128671606,18574.813293202023,152536.10128671606
2023-07-19,1250003.0,1402471.584141995,3,2,0.0,152468.58414199506,152468.58414199506,-67.51714472100139,152468.58414199506
2023-07-20,1250003.0,1381667.5811649743,3,2,0.0,131664.58116497425,131664.58116497425,-20804.002977020806,131664.58116497425
2023-07-21,1250003.0,1371771.5257913505,3,2,0.0,121768.52579135048,121768.52579135048,-9896.055373623778,121768.52579135048
2023-07-24,1250003.0,1377401.371100801,3,2,0.0,127398.37110080115,127398.37110080115,5629.845309450669,127398.37110080115
2023-07-25,1250003.0,1389812.4739778244,3,2,0.0,139809.4739778245,139809.4739778245,12411.102877023353,139809.4739778245
2023-07-26,1250003.0,1374863.4642198787,3,2,0.0,124860.46421987854,124860.46421987854,-14949.009757945954,124860.46421987854
2023-07-27,1250003.0,1358882.0236276523,3,2,0.0,108879.0236276525,108879.0236276525,-15981.440592226048,108879.0236276525
2023-07-28,1250003.0,1381809.1209709307,3,2,0.0,131806.12097093076,131806.12097093076,22927.097343278263,131806.12097093076
2023-07-31,1250003.0,1381126.2347578818,3,2,0.0,131123.23475788167,131123.23475788167,-682.8862130490888,131123.23475788167
2023-08-01,1250003.0,1377886.9082741528,3,2,0.0,127883.90827415303,127883.90827415303,-3239.3264837286406,127883.90827415303
2023-08-02,1250003.0,1351329.1871075104,3,2,0.0,101326.18710751053,101326.18710751053,-26557.7211666425,101326.18710751053
2023-08-03,1250003.0,1343672.8908681,3,2,0.0,93669.89086810008,93669.89086810008,-7656.296239410454,93669.89086810008
2023-08-04,1250003.0,1303289.6317542272,3,2,0.0,53286.63175422728,53286.63175422728,-40383.259113872795,53286.63175422728
2023-08-07,1250003.0,1292273.2011688014,3,2,0.0,42270.20116880129,42270.20116880129,-11016.430585425987,42270.20116880129
2023-08-08,1250003.0,1290787.2198134833,3,2,0.0,40784.21981348326,40784.21981348326,-1485.9813553180356,40784.21981348326
2023-08-09,1250003.0,1277935.5846835342,3,2,0.0,27932.584683534158,27932.584683534158,-12851.6351299491,27932.584683534158
2023-08-10,1250003.0,1277934.6078214422,3,2,0.0,27931.607821442434,27931.607821442434,-0.9768620917238877,27931.607821442434
2023-08-11,1250003.0,1275451.6074248466,3,2,0.0,25448.60742484666,25448.60742484666,-2483.000396595773,25448.60742484666
2023-08-14,1250003.0,1287453.266670438,3,2,0.0,37450.26667043792,37450.26667043792,12001.659245591261,37450.26667043792
2023-08-15,1250003.0,1275115.089263426,3,2,0.0,25112.08926342601,25112.08926342601,-12338.177407011914,25112.08926342601
2023-08-16,1250003.0,1269961.6643985077,3,2,0.0,19958.66439850783,19958.66439850783,-5153.424864918179,19958.66439850783
2023-08-17,1250003.0,1253123.078141278,3,2,0.0,3120.078141277907,3120.078141277907,-16838.586257229923,3120.078141277907
2023-08-18,1250003.0,1254791.8957432306,3,2,0.0,4788.895743230722,4788.895743230722,1668.8176019528146,4788.895743230722
2023-08-21,1250003.0,1268748.3122257553,3,2,0.0,18745.31222575531,18745.31222575531,13956.41648252459,18745.31222575531
2023-08-22,1250003.0,1275949.8506339653,3,2,0.0,25946.850633965274,25946.850633965274,7201.538408209963,25946.850633965274
2023-08-23,1250003.0,1300302.901464038,3,2,0.0,50299.90146403794,50299.90146403794,24353.050830072665,50299.90146403794
2023-08-24,1250003.0,1268472.432820966,3,2,0.0,18469.432820965965,18469.432820965965,-31830.468643071974,18469.432820965965
2023-08-25,1250003.0,1283019.494516848,3,2,0.0,33016.49451684794,33016.49451684794,14547.061695881974,33016.49451684794
2023-08-28,1250003.0,1291292.9828864175,3,2,0.0,41289.98288641754,41289.98288641754,8273.488369569604,41289.98288641754
2023-08-29,1250003.0,1316073.908577852,3,2,0.0,66070.90857785195,66070.90857785195,24780.925691434408,66070.90857785195
2023-08-30,1250003.0,1332789.8842685074,3,2,0.0,82786.8842685073,82786.8842685073,16715.975690655352,82786.8842685073
2023-08-31,1250003.0,1332314.9686402776,3,2,0.0,82311.96864027774,82311.96864027774,-474.91562822955893,82311.96864027774
2023-09-01,1250003.0,1340893.5963733818,3,2,0.0,90890.596373382,90890.596373382,8578.627733104251,90890.596373382
2023-09-05,1250003.0,1349031.4092061156,3,2,0.0,99028.4092061156,99028.4092061156,8137.812832733602,99028.4092061156
2023-09-06,1250003.0,1316965.6270075154,3,2,0.0,66962.62700751553,66962.62700751553,-32065.782198600064,66962.62700751553
2023-09-07,1250003.0,1288185.0393194575,3,2,0.0,38182.03931945731,38182.03931945731,-28780.587688058222,38182.03931945731
2023-09-08,1250003.0,1297300.7659015907,3,2,0.0,47297.76590159073,47297.76590159073,9115.726582133415,47297.76590159073
2023-09-11,1250003.0,1307988.4863964894,3,2,0.0,57985.4863964894,57985.4863964894,10687.720494898676,57985.4863964894
2023-09-12,1250003.0,1285091.1110349735,3,2,0.0,35088.111034973495,35088.111034973495,-22897.375361515908,35088.111034973495
2023-09-13,1250003.0,1281693.0257763776,3,2,0.0,31690.02577637758,31690.02577637758,-3398.0852585959146,31690.02577637758
2023-09-14,1250003.0,1292501.2421701849,3,2,0.0,42498.242170184734,42498.242170184734,10808.216393807154,42498.242170184734
2023-09-15,1250003.0,1276951.1520255078,3,2,0.0,26948.15202550788,26948.15202550788,-15550.090144676855,26948.15202550788
2023-09-18,1250003.0,1288839.4646546834,3,2,0.0,38836.464654683354,38836.464654683354,11888.312629175474,38836.464654683354
2023-09-19,1250003.0,1293287.7886161862,3,2,0.0,43284.7886161862,43284.7886161862,4448.323961502843,43284.7886161862
2023-09-20,1250003.0,1265547.265252978,3,2,0.0,15544.265252978155,15544.265252978155,-27740.52336320804,15544.265252978155
2023-09-21,1250003.0,1256616.7850522597,3,2,0.0,6613.785052259653,6613.785052259653,-8930.480200718503,6613.785052259653
2023-09-22,1250003.0,1256928.6780991934,3,2,0.0,6925.678099193323,6925.678099193323,311.8930469336701,6925.678099193323
2023-09-25,1250003.0,1263600.5412931996,3,2,0.0,13597.541293199585,13597.541293199585,6671.863194006262,13597.541293199585
2023-09-26,1250003.0,1236956.1534085227,3,2,0.0,-13046.846591477235,-13046.846591477235,-26644.38788467682,-13046.846591477235
2023-09-27,1250003.0,1230883.517877435,3,2,0.0,-19119.48212256498,-19119.48212256498,-6072.635531087744,-19119.48212256498
2023-09-28,1250003.0,1233298.1117716832,3,2,0.0,-16704.888228316857,-16704.888228316857,2414.5938942481225,-16704.888228316857
2023-09-29,1250003.0,1238717.1062187925,3,2,0.0,-11285.893781207458,-11285.893781207458,5418.994447109399,-11285.893781207458
2023-10-02,1250003.0,1259059.8510787855,3,2,0.0,9056.8510787854,9056.8510787854,20342.744859992858,9056.8510787854
2023-10-03,1250003.0,1240770.7435382637,3,2,0.0,-9232.25646173619,-9232.25646173619,-18289.10754052159,-9232.25646173619
2023-10-04,1250003.0,1254559.7390034876,3,2,0.0,4556.739003487746,4556.739003487746,13788.995465223936,4556.739003487746
2023-10-05,1250003.0,1260861.0854952366,3,2,0.0,10858.085495236652,10858.085495236652,6301.3464917489055,10858.085495236652
2023-10-06,1250003.0,1284050.0765471281,3,2,0.0,34047.07654712808,34047.07654712808,23188.991051891433,34047.07654712808
2023-10-09,1250003.0,1294605.6915839557,3,2,0.0,44602.6915839556,44602.6915839556,10555.61503682752,44602.6915839556
2023-10-10,1250003.0,1289799.0931920742,3,2,0.0,39796.093192074295,39796.093192074295,-4806.598391881307,39796.093192074295
2023-10-11,1250003.0,1302058.3366704134,3,2,0.0,52055.33667041323,52055.33667041323,12259.243478338933,52055.33667041323
2023-10-12,1250003.0,1304412.845705167,3,2,0.0,54409.84570516679,54409.84570516679,2354.509034753559,54409.84570516679
2023-10-13,1250003.0,1290956.0454033609,3,2,0.0,40953.045403360746,40953.045403360746,-13456.80030180604,40953.045403360746
2023-10-16,1250003.0,1297427.9437598449,3,2,0.0,47424.943759844784,47424.943759844784,6471.898356484038,47424.943759844784
2023-10-17,1250003.0,1289401.767062734,3,2,0.0,39398.767062734085,39398.767062734085,-8026.176697110699,39398.767062734085
2023-10-18,1250003.0,1280594.5958272899,3,2,0.0,30591.59582728974,30591.59582728974,-8807.171235444344,30591.59582728974
2023-10-19,1250003.0,1280595.7083728954,3,2,0.0,30592.70837289535,30592.70837289535,1.1125456056106486,30592.70837289535
2023-10-20,1250003.0,1262084.8882147735,3,2,0.0,12081.888214773513,12081.888214773513,-18510.820158121838,12081.888214773513
2023-10-23,1250003.0,1266448.955162321,3,2,0.0,16445.955162320894,16445.955162320894,4364.066947547381,16445.955162320894
2023-10-24,1250003.0,1270206.0196746364,3,2,0.0,20203.01967463642,20203.01967463642,3757.0645123155264,20203.01967463642
2023-10-25,1250003.0,1274083.4308993958,3,2,0.0,24080.430899395866,24080.430899395866,3877.4112247594458,24080.430899395866
2023-10-26,1250003.0,1236403.888220849,3,2,0.0,-13599.111779151051,-13599.111779151051,-37679.54267854692,-13599.111779151051
2023-10-27,1250003.0,1245259.6901861613,3,2,0.0,-4743.309813838619,-4743.309813838619,8855.801965312432,-4743.309813838619
2023-10-30,1250003.0,1265536.7859978504,3,2,0.0,15533.785997850278,15533.785997850278,20277.095811688898,15533.785997850278
2023-10-31,1250003.0,1268886.8480367279,3,2,0.0,18883.84803672783,18883.84803672783,3350.0620388775533,18883.84803672783
2023-11-01,1250003.0,1295002.1512794201,3,2,0.0,44999.15127942019,44999.15127942019,26115.30324269236,44999.15127942019
2023-11-02,1250003.0,1314730.4238002258,3,2,0.0,64727.42380022572,64727.42380022572,19728.272520805527,64727.42380022572
2023-11-03,1250003.0,1316964.9469988148,3,2,0.0,66961.94699881475,66961.94699881475,2234.5231985890277,66961.94699881475
2023-11-06,1250003.0,1334151.6907770694,3,2,0.0,84148.69077706925,84148.69077706925,17186.743778254502,84148.69077706925
2023-11-07,1250003.0,1351772.8425687794,3,2,0.0,101769.8425687793,101769.8425687793,17621.151791710057,101769.8425687793
2023-11-08,1250003.0,1360517.0427569565,3,2,0.0,110514.04275695649,110514.04275695649,8744.200188177187,110514.04275695649
2023-11-09,1250003.0,1354705.6361018284,3,2,0.0,104702.63610182844,104702.63610182844,-5811.406655128056,104702.63610182844
2023-11-10,1250003.0,1387032.3928568317,3,2,0.0,137029.39285683155,137029.39285683155,32326.75675500311,137029.39285683155
2023-11-13,1250003.0,1375390.1500122724,3,2,0.0,125387.15001227232,125387.15001227232,-11642.242844559223,125387.15001227232
2023-11-14,1250003.0,1392665.9907072992,3,2,0.0,142662.99070729918,142662.99070729918,17275.840695026855,142662.99070729918
2023-11-15,1250003.0,1395496.5705740014,3,2,0.0,145493.57057400144,145493.57057400144,2830.579866702261,145493.57057400144
2023-11-16,1250003.0,1412669.066935126,3,2,0.0,162666.0669351263,162666.0669351263,17172.496361124853,162666.0669351263
2023-11-17,1250003.0,1403461.754593038,3,2,0.0,153458.75459303788,153458.75459303788,-9207.312342088408,153458.75459303788
2023-11-20,1250003.0,1422481.1336605004,3,2,0.0,172478.13366050052,172478.13366050052,19019.379067462636,172478.13366050052
2023-11-21,1250003.0,1412463.2473217498,3,2,0.0,162460.24732174992,162460.24732174992,-10017.886338750599,162460.24732174992
2023-11-22,2250004.0,2422431.341810922,4,3,0.0,172427.3418109221,172427.3418109221,9967.094489172188,172427.3418109221
2023-11-24,2250004.0,2396384.2917751344,4,3,0.0,146380.29177513407,146380.29177513407,-26047.050035788037,146380.29177513407
2023-11-27,2250004.0,2406826.422956717,4,3,0.0,156822.42295671697,156822.42295671697,10442.131181582896,156822.42295671697
2023-11-28,2250004.0,2406881.444276871,4,3,0.0,156877.44427687107,156877.44427687107,55.021320154104615,156877.44427687107
2023-11-29,2250004.0,2403152.43852984,4,3,0.0,153148.43852983977,153148.43852983977,-3729.005747031304,153148.43852983977
2023-11-30,2250004.0,2377777.0967986234,4,3,0.0,127773.09679862358,127773.09679862358,-25375.34173121619,127773.09679862358
2023-12-01,2250004.0,2377244.614464407,4,3,0.0,127240.61446440664,127240.61446440664,-532.4823342169402,127240.61446440664
2023-12-04,2250004.0,2335436.1130882245,4,3,0.0,85432.11308822477,85432.11308822477,-41808.50137618187,85432.11308822477
2023-12-05,2250004.0,2380372.0720492075,4,3,0.0,130368.07204920729,130368.07204920729,44935.95896098252,130368.07204920729
2023-12-06,2250004.0,2348139.4254380544,4,3,0.0,98135.42543805412,98135.42543805412,-32232.646611153163,98135.42543805412
2023-12-07,2250004.0,2382621.9426182695,4,3,0.0,132617.94261826976,132617.94261826976,34482.51718021564,132617.94261826976
2023-12-08,2250004.0,2412638.8141099783,4,3,0.0,162634.8141099785,162634.8141099785,30016.871491708735,162634.8141099785
2023-12-11,2250004.0,2378763.983141731,4,3,0.0,128759.98314173077,128759.98314173077,-33874.83096824773,128759.98314173077
2023-12-12,2250004.0,2411368.6296950346,4,3,0.0,161364.62969503432,161364.62969503432,32604.64655330355,161364.62969503432
2023-12-13,2250004.0,2435108.494505729,4,3,0.0,185104.4945057295,185104.4945057295,23739.864810695173,185104.4945057295
2023-12-14,2250004.0,2429001.361205953,4,3,0.0,178997.36120595355,178997.36120595355,-6107.1332997759455,178997.36120595355
2023-12-15,2250004.0,2444533.5314238593,4,3,0.0,194529.53142385933,194529.53142385933,15532.170217905776,194529.53142385933
2023-12-18,2250004.0,2463965.458265867,4,3,0.0,213961.45826586665,213961.45826586665,19431.92684200732,213961.45826586665
2023-12-19,2250004.0,2459950.7005701964,4,3,0.0,209946.70057019664,209946.70057019664,-4014.757695670007,209946.70057019664
2023-12-20,2250004.0,2415815.8837819323,4,3,0.0,165811.883781932,165811.883781932,-44134.81678826464,165811.883781932
2023-12-21,2250004.0,2437384.2384580257,4,3,0.0,187380.2384580255,187380.2384580255,21568.3546760935,187380.2384580255
2023-12-22,2250004.0,2430646.4972554664,4,3,0.0,180642.4972554667,180642.4972554667,-6737.741202558798,180642.4972554667
2023-12-26,2250004.0,2437456.589028527,4,3,0.0,187452.58902852723,187452.58902852723,6810.091773060529,187452.58902852723
2023-12-27,2250004.0,2439897.3670004117,4,3,0.0,189893.3670004116,189893.3670004116,2440.7779718843813,189893.3670004116
2023-12-28,2250004.0,2445770.461542428,4,3,0.0,195766.46154242806,195766.46154242806,5873.09454201645,195766.46154242806
2023-12-29,2250004.0,2442050.730356138,4,3,0.0,192046.73035613805,192046.73035613805,-3719.7311862900096,192046.73035613805
2024-01-02,2250004.0,2375196.493334652,4,3,0.0,125192.49333465207,125192.49333465207,-66854.23702148598,125192.49333465207
2024-01-03,2250004.0,2356135.1057970733,4,3,0.0,106131.10579707382,106131.10579707382,-19061.38753757825,106131.10579707382
2024-01-04,2250004.0,2350372.9696361367,4,3,0.0,100368.9696361367,100368.9696361367,-5762.136160937123,100368.9696361367
2024-01-05,2250004.0,2369312.1654219604,4,3,0.0,119308.16542196013,119308.16542196013,18939.19578582344,119308.16542196013
2024-01-08,2250004.0,2464200.2497541695,4,3,0.0,214196.2497541697,214196.2497541697,94888.08433220956,214196.2497541697
2024-01-09,2250004.0,2482069.634897188,4,3,0.0,232065.63489718802,232065.63489718802,17869.385143018328,232065.63489718802
2024-01-10,2250004.0,2521792.9811442117,4,3,0.0,271788.98114421155,271788.98114421155,39723.346247023524,271788.98114421155
2024-01-11,2250004.0,2531413.431937305,4,3,0.0,281409.4319373047,281409.4319373047,9620.450793093129,281409.4319373047
2024-01-12,2250004.0,2536166.4092494263,4,3,0.0,286162.40924942633,286162.40924942633,4752.977312121657,286162.40924942633
2024-01-16,2250004.0,2562583.9005459035,4,3,0.0,312579.9005459036,312579.9005459036,26417.491296477267,312579.9005459036
2024-01-17,2250004.0,2550318.8214907935,4,3,0.0,300314.8214907936,300314.8214907936,-12265.079055109993,300314.8214907936
2024-01-18,2250004.0,2605592.460644271,4,3,0.0,355588.4606442716,355588.4606442716,55273.63915347797,355588.4606442716
2024-01-19,2250004.0,2674895.0837819884,4,3,0.0,424891.0837819883,424891.0837819883,69302.62313771673,424891.0837819883
2024-01-22,2250004.0,2685812.533316142,4,3,0.0,435808.5333161425,435808.5333161425,10917.449534154206,435808.5333161425
2024-01-23,2250004.0,2699672.0054917196,4,3,0.0,449668.0054917196,449668.0054917196,13859.472175577073,449668.0054917196
2024-01-24,2250004.0,2732399.749870954,4,3,0.0,482395.74987095414,482395.74987095414,32727.74437923456,482395.74987095414
2024-01-25,2250004.0,2739452.885456769,4,3,0.0,489448.88545676845,489448.88545676845,7053.135585814307,489448.88545676845
2024-01-26,2250004.0,2718040.759480148,4,3,0.0,468036.7594801484,468036.7594801484,-21412.125976620067,468036.7594801484
2024-01-29,2250004.0,2752665.6575917574,4,3,0.0,502661.6575917576,502661.6575917576,34624.89811160922,502661.6575917576
2024-01-30,2250004.0,2740454.9892601427,4,3,0.0,490450.9892601427,490450.9892601427,-12210.66833161487,490450.9892601427
2024-01-31,2250004.0,2682280.565221848,4,3,0.0,432276.5652218483,432276.5652218483,-58174.42403829441,432276.5652218483
2024-02-01,2250004.0,2733299.2772251754,4,3,0.0,483295.27722517564,483295.27722517564,51018.712003327324,483295.27722517564
2024-02-02,2250004.0,2803715.061870068,4,3,0.0,553711.0618700677,553711.0618700677,70415.78464489209,553711.0618700677
2024-02-05,2250004.0,2869192.463573806,4,3,0.0,619188.4635738056,619188.4635738056,65477.40170373791,619188.4635738056
2024-02-06,2250004.0,2853625.215515029,4,3,0.0,603621.2155150296,603621.2155150296,-15567.248058776022,603621.2155150296
2024-02-07,2250004.0,2904988.451384184,4,3,0.0,654984.4513841841,654984.4513841841,51363.23586915445,654984.4513841841
2024-02-08,2250004.0,2890673.347784626,4,3,0.0,640669.3477846258,640669.3477846258,-14315.103599558235,640669.3477846258
2024-02-09,2250004.0,2954656.5261000963,4,3,0.0,704652.5261000964,704652.5261000964,63983.17831547058,704652.5261000964
2024-02-12,2250004.0,2941580.3030130686,4,3,0.0,691576.3030130684,691576.3030130684,-13076.223087028018,691576.3030130684
2024-02-13,2250004.0,2916532.421641273,4,3,0.0,666528.421641273,666528.421641273,-25047.881371795433,666528.421641273
2024-02-14,2250004.0,2954487.1529879705,4,3,0.0,704483.1529879702,704483.1529879702,37954.7313466972,704483.1529879702
2024-02-15,2250004.0,2923424.295566705,4,3,0.0,673420.2955667053,673420.2955667053,-31062.857421264867,673420.2955667053
2024-02-16,2250004.0,2911769.8148412397,4,3,0.0,661765.81484124,661765.81484124,-11654.480725465342,661765.81484124
2024-02-20,2250004.0,2841598.2937804246,4,3,0.0,591594.2937804243,591594.2937804243,-70171.52106081566,591594.2937804243
2024-02-21,2350005.0,2903560.8086472973,5,4,0.0,553555.8086472972,553555.8086472972,-38038.48513312708,553555.8086472972
2024-02-22,2350005.0,3156065.965110497,5,4,0.0,806060.9651104967,806060.9651104967,252505.15646319953,806060.9651104967
2024-02-23,2350005.0,3156852.045003024,5,4,0.0,806847.0450030242,806847.0450030242,786.0798925274285,806847.0450030242
2024-02-26,2350005.0,3160103.768361536,5,4,0.0,810098.7683615357,810098.7683615357,3251.7233585115755,810098.7683615357
2024-02-27,2350005.0,3163310.250424162,5,4,0.0,813305.2504241618,813305.2504241618,3206.482062626048,813305.2504241618
2024-02-28,2350005.0,3137325.4041061956,5,4,0.0,787320.4041061961,787320.4041061961,-25984.846317965654,787320.4041061961
2024-02-29,2350005.0,3170412.237966349,5,4,0.0,820407.2379663489,820407.2379663489,33086.83386015275,820407.2379663489
2024-03-01,2350005.0,3229997.972941308,5,4,0.0,879992.9729413077,879992.9729413077,59585.73497495882,879992.9729413077
2024-03-04,2350005.0,3267813.484654699,5,4,0.0,917808.4846546985,917808.4846546985,37815.51171339082,917808.4846546985
2024-03-05,2350005.0,3239048.5832185256,5,4,0.0,889043.5832185257,889043.5832185257,-28764.901436172775,889043.5832185257
2024-03-06,2350005.0,3285133.1664456497,5,4,0.0,935128.1664456495,935128.1664456495,46084.583227123716,935128.1664456495
2024-03-07,2350005.0,3379165.349752638,5,4,0.0,1029160.3497526378,1029160.3497526378,94032.18330698833,1029160.3497526378
2024-03-08,2350005.0,3274944.9627522454,5,4,0.0,924939.9627522455,924939.9627522455,-104220.38700039231,924939.9627522455
2024-03-11,2350005.0,3246950.715579248,5,4,0.0,896945.7155792475,896945.7155792475,-27994.24717299803,896945.7155792475
2024-03-12,2350005.0,3391270.857430139,5,4,0.0,1041265.8574301391,1041265.8574301391,144320.14185089164,1041265.8574301391
2024-03-13,2350005.0,3362381.1591683906,5,4,0.0,1012376.1591683903,1012376.1591683903,-28889.698261748767,1012376.1591683903
2024-03-14,2350005.0,3324182.3079831083,5,4,0.0,974177.3079831083,974177.3079831083,-38198.851185281994,974177.3079831083
2024-03-15,2350005.0,3305455.733281973,5,4,0.0,955450.7332819727,955450.7332819727,-18726.57470113563,955450.7332819727
2024-03-18,2350005.0,3325671.158879272,5,4,0.0,975666.1588792729,975666.1588792729,20215.42559730017,975666.1588792729
2024-03-19,2350005.0,3360000.0192787154,5,4,0.0,1009995.0192787157,1009995.0192787157,34328.86039944284,1009995.0192787157
2024-03-20,2350005.0,3397971.295927345,5,4,0.0,1047966.2959273444,1047966.2959273444,37971.27664862864,1047966.2959273444
2024-03-21,2350005.0,3394382.6608711034,5,4,0.0,1044377.660871103,1044377.660871103,-3588.635056241299,1044377.660871103
2024-03-22,2350005.0,3455919.505309935,5,4,0.0,1105914.5053099354,1105914.5053099354,61536.84443883237,1105914.5053099354
2024-03-25,2350005.0,3454840.6878950256,5,4,0.0,1104835.687895025,1104835.687895025,-1078.8174149105325,1104835.687895025
2024-03-26,2350005.0,3398361.9370322106,5,4,0.0,1048356.9370322105,1048356.9370322105,-56478.75086281437,1048356.9370322105
2024-03-27,2350005.0,3365440.927968271,5,4,0.0,1015435.9279682714,1015435.9279682714,-32921.0090639391,1015435.9279682714
2024-03-28,2350005.0,3358900.803593146,5,4,0.0,1008895.8035931463,1008895.8035931463,-6540.12437512516,1008895.8035931463
2024-04-01,2350005.0,3356150.9071584204,5,4,0.0,1006145.9071584197,1006145.9071584197,-2749.896434726543,1006145.9071584197
2024-04-02,2350005.0,3325162.401070301,5,4,0.0,975157.401070301,975157.401070301,-30988.506088118767,975157.401070301
2024-04-03,2350005.0,3315959.7301201625,5,4,0.0,965954.7301201621,965954.7301201621,-9202.670950138825,965954.7301201621
2024-04-04,2350005.0,3243976.334037023,5,4,0.0,893971.3340370237,893971.3340370237,-71983.39608313842,893971.3340370237
2024-04-05,2350005.0,3303135.3710121303,5,4,0.0,953130.3710121302,953130.3710121302,59159.03697510646,953130.3710121302
2024-04-08,2350005.0,3278474.127014557,5,4,0.0,928469.1270145567,928469.1270145567,-24661.243997573503,928469.1270145567
2024-04-09,2350005.0,3254023.355551054,5,4,0.0,904018.355551054,904018.355551054,-24450.771463502664,904018.355551054
2024-04-10,2350005.0,3276286.87755919,5,4,0.0,926281.8775591896,926281.8775591896,22263.522008135566,926281.8775591896
2024-04-11,2350005.0,3390902.747826416,5,4,0.0,1040897.7478264159,1040897.7478264159,114615.87026722636,1040897.7478264159
2024-04-12,2350005.0,3337407.9298237525,5,4,0.0,987402.9298237528,987402.9298237528,-53494.81800266309,987402.9298237528
2024-04-15,2350005.0,3260246.2768206135,5,4,0.0,910241.2768206134,910241.2768206134,-77161.65300313942,910241.2768206134
2024-04-16,2350005.0,3276528.319593687,5,4,0.0,926523.3195936871,926523.3195936871,16282.042773073656,926523.3195936871
2024-04-17,2350005.0,3197722.306209383,5,4,0.0,847717.3062093832,847717.3062093832,-78806.0133843039,847717.3062093832
2024-04-18,2350005.0,3196886.2663066965,5,4,0.0,846881.2663066968,846881.2663066968,-836.0399026863743,846881.2663066968
2024-04-19,2350005.0,3004858.177937051,5,4,0.0,654853.1779370509,654853.1779370509,-192028.08836964588,654853.1779370509
2024-04-22,2350005.0,3081008.0084317946,5,4,0.0,731003.0084317948,731003.0084317948,76149.83049474389,731003.0084317948
2024-04-23,2350005.0,3159575.089637223,5,4,0.0,809570.0896372232,809570.0896372232,78567.08120542835,809570.0896372232
2024-04-24,2350005.0,3115214.8188924873,5,4,0.0,765209.8188924877,765209.8188924877,-44360.27074473549,765209.8188924877
2024-04-25,2350005.0,3163477.2826792467,5,4,0.0,813472.2826792467,813472.2826792467,48262.463786759065,813472.2826792467
2024-04-26,2350005.0,3277055.526120487,5,4,0.0,927050.5261204871,927050.5261204871,113578.2434412404,927050.5261204871
2024-04-29,2350005.0,3291673.3978283284,5,4,0.0,941668.3978283283,941668.3978283283,14617.871707841172,941668.3978283283
2024-04-30,2350005.0,3229666.1560542597,5,4,0.0,879661.1560542597,879661.1560542597,-62007.24177406856,879661.1560542597
2024-05-01,2350005.0,3162686.0681219287,5,4,0.0,812681.068121929,812681.068121929,-66980.08793233079,812681.068121929
2024-05-02,2350005.0,3244043.5512256576,5,4,0.0,894038.5512256578,894038.5512256578,81357.48310372885,894038.5512256578
2024-05-03,2350005.0,3365673.9409522526,5,4,0.0,1015668.9409522526,1015668.9409522526,121630.38972659479,1015668.9409522526
2024-05-06,2350005.0,3438406.4134364724,5,4,0.0,1088401.4134364726,1088401.4134364726,72732.47248422005,1088401.4134364726
2024-05-07,2350005.0,3404835.2936883913,5,4,0.0,1054830.2936883916,1054830.2936883916,-33571.11974808108,1054830.2936883916
2024-05-08,2350005.0,3404257.434953191,5,4,0.0,1054252.4349531909,1054252.4349531909,-577.8587352007162,1054252.4349531909
2024-05-09,2350005.0,3378249.5723792873,5,4,0.0,1028244.5723792873,1028244.5723792873,-26007.86257390352,1028244.5723792873
2024-05-10,2350005.0,3399812.3308249298,5,4,0.0,1049807.3308249298,1049807.3308249298,21562.758445642423,1049807.3308249298
2024-05-13,2350005.0,3425712.857471082,5,4,0.0,1075707.8574710814,1075707.8574710814,25900.526646151673,1075707.8574710814
2024-05-14,2350005.0,3454481.1790975067,5,4,0.0,1104476.1790975065,1104476.1790975065,28768.321626425022,1104476.1790975065
2024-05-15,2350005.0,3546866.2021440924,5,4,0.0,1196861.2021440924,1196861.2021440924,92385.02304658596,1196861.2021440924
2024-05-16,2350005.0,3540530.9870643974,5,4,0.0,1190525.9870643972,1190525.9870643972,-6335.215079695219,1190525.9870643972
2024-05-17,2350005.0,3501351.9113757485,5,4,0.0,1151346.9113757487,1151346.9113757487,-39179.0756886485,1151346.9113757487
2024-05-20,2350005.0,3563657.7677221717,5,4,0.0,1213652.7677221713,1213652.7677221713,62305.85634642257,1213652.7677221713
2024-05-21,2350005.0,3582856.616827165,5,4,0.0,1232851.6168271648,1232851.6168271648,19198.84910499351,1232851.6168271648
2024-05-22,2350005.0,3568204.4840888344,5,4,0.0,1218199.4840888344,1218199.4840888344,-14652.132738330401,1218199.4840888344
2024-05-23,2350005.0,3727383.508546086,5,4,0.0,1377378.5085460863,1377378.5085460863,159179.0244572519,1377378.5085460863
2024-05-24,2350005.0,3801028.3391216197,5,4,0.0,1451023.3391216202,1451023.3391216202,73644.83057553391,1451023.3391216202
2024-05-28,2350005.0,3953884.7429423654,5,4,0.0,1603879.7429423647,1603879.7429423647,152856.40382074448,1603879.7429423647
2024-05-29,2350005.0,3972568.9707047595,5,4,0.0,1622563.97070476,1622563.97070476,18684.227762395283,1622563.97070476
2024-05-30,2350005.0,3867385.387492823,5,4,0.0,1517380.3874928225,1517380.3874928225,-105183.58321193745,1517380.3874928225
2024-05-31,2350005.0,3854666.339147809,5,4,0.0,1504661.3391478083,1504661.3391478083,-12719.04834501422,1504661.3391478083
2024-06-03,2350005.0,3970705.158529308,5,4,0.0,1620700.158529308,1620700.158529308,116038.81938149966,1620700.158529308
2024-06-04,2350005.0,4005370.0232651182,5,4,0.0,1655365.023265118,1655365.023265118,34664.864735810086,1655365.023265118
2024-06-05,2350005.0,4147094.912749685,5,4,0.0,1797089.9127496844,1797089.9127496844,141724.8894845664,1797089.9127496844
2024-06-06,2350005.0,4111836.9251359426,5,4,0.0,1761831.9251359426,1761831.9251359426,-35257.987613741774,1761831.9251359426
2024-06-07,2350005.0,4119691.5382353053,5,4,0.0,1769686.538235305,1769686.538235305,7854.613099362468,1769686.538235305
2024-06-10,2350005.0,4126691.9326596498,5,4,0.0,1776686.9326596498,1776686.9326596498,7000.394424344646,1776686.9326596498
2024-06-11,2350005.0,4180310.85407785,5,4,0.0,1830305.8540778498,1830305.8540778498,53618.921418200014,1830305.8540778498
2024-06-12,2350005.0,4307746.020175197,5,4,0.0,1957741.0201751967,1957741.0201751967,127435.16609734693,1957741.0201751967
2024-06-13,2350005.0,4404423.07270905,5,4,0.0,2054418.0727090507,2054418.0727090507,96677.05253385403,2054418.0727090507
2024-06-14,2350005.0,4444416.1177934045,5,4,0.0,2094411.117793405,2094411.117793405,39993.045084354235,2094411.117793405
2024-06-17,2350005.0,4453555.871217379,5,4,0.0,2103550.87121738,2103550.87121738,9139.75342397485,2103550.87121738
2024-06-18,2350005.0,4534117.488934074,5,4,0.0,2184112.4889340745,2184112.4889340745,80561.61771669472,2184112.4889340745
2024-06-20,2350005.0,4413440.278488354,5,4,0.0,2063435.2784883543,2063435.2784883543,-120677.21044572024,2063435.2784883543
2024-06-21,2350005.0,4322837.3717908785,5,4,0.0,1972832.3717908787,1972832.3717908787,-90602.90669747558,1972832.3717908787
2024-06-24,2350005.0,4149074.4948587003,5,4,0.0,1799069.4948587008,1799069.4948587008,-173762.87693217793,1799069.4948587008
2024-06-25,2350005.0,4321941.557555247,5,4,0.0,1971936.5575552478,1971936.5575552478,172867.06269654701,1971936.5575552478
2024-06-26,3350006.0,5349281.246555279,6,4,0.0,1999275.246555279,1999275.246555279,27338.689000031212,1999275.246555279
2024-06-27,3350006.0,5285641.275723131,6,4,0.0,1935635.2757231325,1935635.2757231325,-63639.97083214647,1935635.2757231325
2024-06-28,3350006.0,5248297.983683147,6,4,0.0,1898291.9836831477,1898291.9836831477,-37343.29203998484,1898291.9836831477
2024-07-01,3350006.0,5312261.445953007,6,4,0.0,1962255.445953007,1962255.445953007,63963.46226985939,1962255.445953007
2024-07-02,3350006.0,5285777.877834808,6,4,0.0,1935771.8778348085,1935771.8778348085,-26483.568118198542,1935771.8778348085
2024-07-03,3350006.0,5453385.934849097,6,4,0.0,2103379.934849097,2103379.934849097,167608.05701428838,2103379.934849097
2024-07-05,3350006.0,5415557.283457273,6,4,0.0,2065551.2834572727,2065551.2834572727,-37828.65139182424,2065551.2834572727
2024-07-08,3350006.0,5487861.75396889,6,4,0.0,2137855.7539688903,2137855.7539688903,72304.4705116176,2137855.7539688903
2024-07-09,3350006.0,5572567.161748473,6,4,0.0,2222561.161748474,2222561.161748474,84705.40777958371,2222561.161748474
2024-07-10,3350006.0,5702458.610421359,6,4,0.0,2352452.6104213595,2352452.6104213595,129891.44867288554,2352452.6104213595
2024-07-11,3350006.0,5447253.14446911,6,4,0.0,2097247.1444691117,2097247.1444691117,-255205.46595224785,2097247.1444691117
2024-07-12,3350006.0,5511581.904470072,6,4,0.0,2161575.904470072,2161575.904470072,64328.760000960436,2161575.904470072
2024-07-15,3350006.0,5507170.933258934,6,4,0.0,2157164.9332589335,2157164.9332589335,-4410.971211138647,2157164.9332589335
2024-07-16,3350006.0,5443513.001428014,6,4,0.0,2093507.0014280141,2093507.0014280141,-63657.93183091935,2093507.0014280141
2024-07-17,3350006.0,5169443.705006094,6,4,0.0,1819437.7050060944,1819437.7050060944,-274069.2964219197,1819437.7050060944
2024-07-18,3350006.0,5231443.736560245,6,4,0.0,1881437.736560246,1881437.736560246,62000.03155415156,1881437.736560246
2024-07-19,3350006.0,5137442.778888256,6,4,0.0,1787436.7788882558,1787436.7788882558,-94000.95767199015,1787436.7788882558
2024-07-22,3350006.0,5303838.149498992,6,4,0.0,1953832.1494989924,1953832.1494989924,166395.37061073654,1953832.1494989924
2024-07-23,3350006.0,5284410.610105901,6,4,0.0,1934404.6101059013,1934404.6101059013,-19427.53939309111,1934404.6101059013
2024-07-24,3350006.0,4994353.593497887,6,4,0.0,1644347.593497888,1644347.593497888,-290057.0166080133,1644347.593497888
2024-07-25,3350006.0,4918292.339259251,6,4,0.0,1568286.3392592515,1568286.3392592515,-76061.25423863647,1568286.3392592515
2024-07-26,4350007.0,5952585.359398149,7,4,0.0,1602578.35939815,1602578.35939815,34292.0201388984,1602578.35939815
2024-07-29,4350007.0,5901173.3558464525,7,4,0.0,1551166.3558464528,1551166.3558464528,-51412.003551697126,1551166.3558464528
2024-07-30,4350007.0,5605150.546889211,7,4,0.0,1255143.546889212,1255143.546889212,-296022.8089572408,1255143.546889212
2024-07-31,4350007.0,6109173.847097643,7,4,0.0,1759166.847097642,1759166.847097642,504023.30020843004,1759166.847097642
2024-08-01,4350007.0,5799053.901098602,7,4,0.0,1449046.9010986027,1449046.9010986027,-310119.94599903934,1449046.9010986027
2024-08-02,4350007.0,5721134.379648331,7,4,0.0,1371127.3796483313,1371127.3796483313,-77919.52145027136,1371127.3796483313
2024-08-05,4350007.0,5398821.75695791,7,4,0.0,1048814.7569579098,1048814.7569579098,-322312.62269042153,1048814.7569579098
2024-08-06,4350007.0,5537590.789788879,7,4,0.0,1187583.7897888802,1187583.7897888802,138769.03283097036,1187583.7897888802
2024-08-07,4350007.0,5348675.44535788,7,4,0.0,998668.4453578801,998668.4453578801,-188915.34443100006,998668.4453578801
2024-08-08,4350007.0,5596855.80441337,7,4,0.0,1246848.8044133703,1246848.8044133703,248180.35905549023,1246848.8044133703
2024-08-09,4350007.0,5606947.454789878,7,4,0.0,1256940.4547898772,1256940.4547898772,10091.650376506848,1256940.4547898772
2024-08-12,4350007.0,5774400.388844815,7,4,0.0,1424393.388844815,1424393.388844815,167452.9340549379,1424393.388844815
2024-08-13,4350007.0,6067531.2247240925,7,4,0.0,1717524.224724093,1717524.224724093,293130.8358792779,1717524.224724093
2024-08-14,4350007.0,6146067.147870007,7,4,0.0,1796060.1478700084,1796060.1478700084,78535.92314591538,1796060.1478700084
2024-08-15,4350007.0,6345250.54046258,7,4,0.0,1995243.54046258,1995243.54046258,199183.39259257168,1995243.54046258
2024-08-16,4350007.0,6411795.722586685,7,4,0.0,2061788.7225866858,2061788.7225866858,66545.18212410575,2061788.7225866858
2024-08-19,4350007.0,6617597.086890781,7,4,0.0,2267590.0868907827,2267590.0868907827,205801.3643040969,2267590.0868907827
2024-08-20,4350007.0,6522652.140687019,7,4,0.0,2172645.1406870196,2172645.1406870196,-94944.94620376313,2172645.1406870196
2024-08-21,4350007.0,6567798.203436851,7,4,0.0,2217791.203436852,2217791.203436852,45146.0627498324,2217791.203436852
2024-08-22,4350007.0,6369241.314778713,7,4,0.0,2019234.314778712,2019234.314778712,-198556.88865813985,2019234.314778712
2024-08-23,4350007.0,6591605.360452158,7,4,0.0,2241598.3604521584,2241598.3604521584,222364.04567344626,2241598.3604521584
2024-08-26,4350007.0,6479877.030812817,7,4,0.0,2129870.030812817,2129870.030812817,-111728.32963934122,2129870.030812817
2024-08-27,4350007.0,6552908.184275007,7,4,0.0,2202901.184275006,2202901.184275006,73031.15346218878,2202901.184275006
2024-08-28,4350007.0,6440815.018926193,7,4,0.0,2090808.0189261932,2090808.0189261932,-112093.1653488127,2090808.0189261932
2024-08-29,4350007.0,6160613.274520717,7,4,0.0,1810606.2745207169,1810606.2745207169,-280201.7444054764,1810606.2745207169
2024-08-30,4350007.0,6229178.964801079,7,4,0.0,1879171.964801078,1879171.964801078,68565.6902803611,1879171.964801078
2024-09-03,4350007.0,5765366.413142943,7,4,0.0,1415359.4131429438,1415359.4131429438,-463812.5516581342,1415359.4131429438
2024-09-04,4350007.0,5688998.171071704,7,4,0.0,1338991.1710717035,1338991.1710717035,-76368.24207124021,1338991.1710717035
2024-09-05,4350007.0,5732590.836070004,7,4,0.0,1382583.8360700058,1382583.8360700058,43592.664998302236,1382583.8360700058
2024-09-06,4350007.0,5552386.010963853,7,4,0.0,1202379.0109638537,1202379.0109638537,-180204.8251061521,1202379.0109638537
2024-09-09,4350007.0,5694357.765850893,7,4,0.0,1344350.765850894,1344350.765850894,141971.75488704024,1344350.765850894
2024-09-10,4350007.0,5763751.344069463,7,4,0.0,1413744.344069464,1413744.344069464,69393.57821856998,1413744.344069464
2024-09-11,4350007.0,6116817.886287876,7,4,0.0,1766810.8862878764,1766810.8862878764,353066.5422184125,1766810.8862878764
2024-09-12,4350007.0,6206599.395369574,7,4,0.0,1856592.3953695747,1856592.3953695747,89781.50908169826,1856592.3953695747
2024-09-13,4350007.0,6209070.982375484,7,4,0.0,1859063.9823754837,1859063.9823754837,2471.5870059090666,1859063.9823754837
2024-09-16,4350007.0,6095191.341249889,7,4,0.0,1745184.3412498897,1745184.3412498897,-113879.64112559403,1745184.3412498897
2024-09-17,4350007.0,6058503.68056973,7,4,0.0,1708496.68056973,1708496.68056973,-36687.66068015969,1708496.68056973
2024-09-18,4350007.0,5987379.081073725,7,4,0.0,1637372.0810737244,1637372.0810737244,-71124.59949600557,1637372.0810737244
2024-09-19,4350007.0,6204276.7247064505,7,4,0.0,1854269.7247064519,1854269.7247064519,216897.64363272744,1854269.7247064519
2024-09-20,4350007.0,6126497.793644772,7,4,0.0,1776490.7936447717,1776490.7936447717,-77778.9310616802,1776490.7936447717
2024-09-23,4350007.0,6125676.559560611,7,4,0.0,1775669.559560611,1775669.559560611,-821.2340841607656,1775669.559560611
2024-09-24,4350007.0,6295438.056329218,7,4,0.0,1945431.056329219,1945431.056329219,169761.496768608,1945431.056329219
2024-09-25,4350007.0,6393546.262639894,7,4,0.0,2043539.2626398946,2043539.2626398946,98108.20631067571,2043539.2626398946
2024-09-26,4350007.0,6417444.387609195,7,4,0.0,2067437.3876091961,2067437.3876091961,23898.124969301512,2067437.3876091961
2024-09-27,4350007.0,6315468.018919237,7,4,0.0,1965461.018919238,1965461.018919238,-101976.36868995824,1965461.018919238
2024-09-30,4350007.0,6344252.905246124,7,4,0.0,1994245.9052461253,1994245.9052461253,28784.886326887412,1994245.9052461253
2024-10-01,4350007.0,6133483.233464377,7,4,0.0,1783476.233464377,1783476.233464377,-210769.6717817483,1783476.233464377
2024-10-02,4350007.0,6199933.03036953,7,4,0.0,1849926.0303695304,1849926.0303695304,66449.79690515343,1849926.0303695304
2024-10-03,4350007.0,6343131.590167381,7,4,0.0,1993124.590167381,1993124.590167381,143198.55979785067,1993124.590167381
2024-10-04,4350007.0,6424830.250837644,7,4,0.0,2074823.2508376443,2074823.2508376443,81698.66067026323,2074823.2508376443
2024-10-07,4350007.0,6496263.954101669,7,4,0.0,2146256.9541016687,2146256.9541016687,71433.70326402434,2146256.9541016687
2024-10-08,4350007.0,6715339.828028543,7,4,0.0,2365332.8280285443,2365332.8280285443,219075.87392687565,2365332.8280285443
2024-10-09,4350007.0,6727734.936161764,7,4,0.0,2377727.9361617654,2377727.9361617654,12395.108133221045,2377727.9361617654
2024-10-10,4350007.0,6803632.682081565,7,4,0.0,2453625.6820815667,2453625.6820815667,75897.7459198013,2453625.6820815667
2024-10-11,4350007.0,6797096.130914395,7,4,0.0,2447089.1309143957,2447089.1309143957,-6536.551167170983,2447089.1309143957
2024-10-14,4350007.0,6940392.366461562,7,4,0.0,2590385.366461563,2590385.366461563,143296.23554716725,2590385.366461563
2024-10-15,4350007.0,6710278.860796341,7,4,0.0,2360271.860796341,2360271.860796341,-230113.50566522172,2360271.860796341
2024-10-16,4350007.0,6850588.119867609,7,4,0.0,2500581.1198676103,2500581.1198676103,140309.25907126907,2500581.1198676103
2024-10-17,4350007.0,6898283.376456142,7,4,0.0,2548276.376456143,2548276.376456143,47695.25658853259,2548276.376456143
2024-10-18,4350007.0,6953394.991923708,7,4,0.0,2603387.9919237094,2603387.9919237094,55111.61546756653,2603387.9919237094
2024-10-21,4350007.0,7174039.742689015,7,4,0.0,2824032.7426890167,2824032.7426890167,220644.75076530734,2824032.7426890167
2024-10-22,4350007.0,7179371.555957719,7,4,0.0,2829364.555957719,2829364.555957719,5331.813268702477,2829364.555957719
2024-10-23,4350007.0,7001387.457169682,7,4,0.0,2651380.4571696823,2651380.4571696823,-177984.09878803696,2651380.4571696823
2024-10-24,4350007.0,7032399.179437485,7,4,0.0,2682392.1794374855,2682392.1794374855,31011.72226780327,2682392.1794374855
2024-10-25,4350007.0,7083364.799961778,7,4,0.0,2733357.7999617783,2733357.7999617783,50965.62052429281,2733357.7999617783
2024-10-28,4350007.0,7052227.988518551,7,4,0.0,2702220.9885185515,2702220.9885185515,-31136.811443226878,2702220.9885185515
2024-10-29,4350007.0,7080692.775478118,7,4,0.0,2730685.7754781195,2730685.7754781195,28464.78695956804,2730685.7754781195
2024-10-30,4350007.0,6993030.925139447,7,4,0.0,2643023.9251394486,2643023.9251394486,-87661.85033867089,2643023.9251394486
2024-10-31,4350007.0,6728365.856730175,7,4,0.0,2378358.8567301766,2378358.8567301766,-264665.068409272,2378358.8567301766
2024-11-01,4350007.0,6813002.386508338,7,4,0.0,2462995.3865083396,2462995.3865083396,84636.52977816295,2462995.3865083396
2024-11-04,4350007.0,6833097.670821254,7,4,0.0,2483090.6708212546,2483090.6708212546,20095.284312915057,2483090.6708212546
2024-11-05,4350007.0,6983671.054141937,7,4,0.0,2633664.0541419378,2633664.0541419378,150573.38332068315,2633664.0541419378
2024-11-06,4350007.0,7192869.707941793,7,4,0.0,2842862.7079417943,2842862.7079417943,209198.65379985655,2842862.7079417943
2024-11-07,4350007.0,7336725.815580328,7,4,0.0,2986718.815580328,2986718.815580328,143856.1076385337,2986718.815580328
2024-11-08,4350007.0,7288866.737355403,7,4,0.0,2938859.7373554036,2938859.7373554036,-47859.07822492439,2938859.7373554036
2024-11-11,4350007.0,7187904.777083813,7,4,0.0,2837897.777083815,2837897.777083815,-100961.96027158853,2837897.777083815
2024-11-12,4350007.0,7300895.957199266,7,4,0.0,2950888.9571992676,2950888.9571992676,112991.1801154525,2950888.9571992676
2024-11-13,4350007.0,7229671.267932574,7,4,0.0,2879664.2679325743,2879664.2679325743,-71224.68926669331,2879664.2679325743
2024-11-14,4350007.0,7262231.210176822,7,4,0.0,2912224.2101768227,2912224.2101768227,32559.942244248465,2912224.2101768227
2024-11-15,4350007.0,7069138.293425149,7,4,0.0,2719131.293425151,2719131.293425151,-193092.91675167158,2719131.293425151
2024-11-18,4350007.0,7014815.546598043,7,4,0.0,2664808.5465980447,2664808.5465980447,-54322.74682710646,2664808.5465980447
2024-11-19,4350007.0,7271830.785048962,7,4,0.0,2921823.7850489626,2921823.7850489626,257015.23845091788,2921823.7850489626
2024-11-20,4350007.0,7233383.344935538,7,4,0.0,2883376.344935539,2883376.344935539,-38447.44011342339,2883376.344935539
2024-11-21,4350007.0,7260258.220442462,7,4,0.0,2910251.2204424636,2910251.2204424636,26874.875506924465,2910251.2204424636
2024-11-22,4350007.0,7090466.639291701,7,4,0.0,2740459.6392917014,2740459.6392917014,-169791.58115076227,2740459.6392917014
2024-11-25,4350007.0,6883157.174668775,7,4,0.0,2533150.174668776,2533150.174668776,-207309.4646229255,2533150.174668776
2024-11-26,4350007.0,6926812.737765406,7,4,0.0,2576805.7377654077,2576805.7377654077,43655.563096631784,2576805.7377654077
2024-11-27,4350007.0,6867293.478461138,7,4,0.0,2517286.4784611394,2517286.4784611394,-59519.259304268286,2517286.4784611394
2024-11-29,4350007.0,6986872.673693235,7,4,0.0,2636865.6736932355,2636865.6736932355,119579.19523209613,2636865.6736932355
2024-12-02,4350007.0,7011459.099737908,7,4,0.0,2661452.099737908,2661452.099737908,24586.426044672728,2661452.099737908
2024-12-03,4350007.0,7086347.320226011,7,4,0.0,2736340.320226012,2736340.320226012,74888.22048810357,2736340.320226012
2024-12-04,4350007.0,7269986.469207528,7,4,0.0,2919979.469207529,2919979.469207529,183639.14898151718,2919979.469207529
2024-12-05,4350007.0,7267514.861731562,7,4,0.0,2917507.861731563,2917507.861731563,-2471.6074759657495,2917507.861731563
2024-12-06,4350007.0,7168883.693762557,7,4,0.0,2818876.693762557,2818876.693762557,-98631.16796900611,2818876.693762557
2024-12-09,4350007.0,7051528.722002546,7,4,0.0,2701521.722002548,2701521.722002548,-117354.97176000895,2701521.722002548
2024-12-10,4350007.0,6916751.32934477,7,4,0.0,2566744.3293447695,2566744.3293447695,-134777.3926577787,2566744.3293447695
2024-12-11,4350007.0,7068977.142344823,7,4,0.0,2718970.142344824,2718970.142344824,152225.81300005456,2718970.142344824
2024-12-12,4350007.0,7002283.483526813,7,4,0.0,2652276.483526814,2652276.483526814,-66693.65881801024,2652276.483526814
2024-12-13,4350007.0,6887829.712928283,7,4,0.0,2537822.7129282844,2537822.7129282844,-114453.77059852937,2537822.7129282844
2024-12-16,4350007.0,6817330.887637817,7,4,0.0,2467323.887637818,2467323.887637818,-70498.8252904662,2467323.887637818
2024-12-17,4350007.0,6768534.270901033,7,4,0.0,2418527.270901034,2418527.270901034,-48796.61673678411,2418527.270901034
2024-12-18,4350007.0,6688313.398679472,7,4,0.0,2338306.3986794725,2338306.3986794725,-80220.87222156161,2338306.3986794725
2024-12-19,4350007.0,6762342.089114146,7,4,0.0,2412335.089114147,2412335.089114147,74028.69043467427,2412335.089114147
2024-12-20,4600008.0,7183925.635087882,8,4,0.0,2583917.635087882,2583917.635087882,171582.5459737354,2583917.635087882
2024-12-23,4600008.0,7382094.175674249,8,4,0.0,2782086.17567425,2782086.17567425,198168.54058636772,2782086.17567425
2024-12-24,4600008.0,7417131.478675738,8,4,0.0,2817123.478675739,2817123.478675739,35037.303001489025,2817123.478675739
2024-12-26,4600008.0,7409557.266166256,8,4,0.0,2809549.2661662577,2809549.2661662577,-7574.212509481236,2809549.2661662577
2024-12-27,4600008.0,7279430.80843084,8,4,0.0,2679422.808430841,2679422.808430841,-130126.45773541648,2679422.808430841
2024-12-30,4600008.0,7282598.19200943,8,4,0.0,2682590.1920094322,2682590.1920094322,3167.3835785910487,2682590.1920094322
2024-12-31,3600007.0,4391499.905281925,7,4,1757615.369988533,791492.9052819249,2549108.275270458,-133481.9167389744,2549108.275270458
2025-01-02,3600007.0,4436050.488923149,7,4,1757615.369988533,836043.4889231493,2593658.8589116824,44550.58364122454,2593658.8589116824
2025-01-03,3600007.0,4548459.708657528,7,4,1757615.369988533,948452.7086575294,2706068.0786460624,112409.21973438002,2706068.0786460624
2025-01-06,3600007.0,4648347.969952209,7,4,1757615.369988533,1048340.9699522094,2805956.3399407426,99888.26129468018,2805956.3399407426
2025-01-07,3600007.0,4462557.096523985,7,4,1757615.369988533,862550.0965239854,2620165.4665125185,-185790.87342822412,2620165.4665125185
2025-01-08,3600007.0,4464256.833924948,7,4,1757615.369988533,864249.8339249492,2621865.203913482,1699.7374009634368,2621865.203913482
2025-01-10,3600007.0,4359112.337972389,7,4,1757615.369988533,759105.3379723897,2516720.7079609227,-105144.49595255917,2516720.7079609227
2025-01-13,3600007.0,4297932.2647281755,7,4,1757615.369988533,697925.2647281761,2455540.634716709,-61180.07324421359,2455540.634716709
2025-01-14,4150010.0,4815409.238248515,10,6,1757615.369988533,665399.2382485151,2423014.608237048,-32526.026479661,2423014.608237048
2025-01-15,4150010.0,4939731.548387004,10,6,1757615.369988533,789721.5483870046,2547336.9183755377,124322.31013848959,2547336.9183755377
2025-01-16,4150010.0,4837316.214129238,10,6,1757615.369988533,687306.2141292398,2444921.584117773,-102415.33425776474,2444921.584117773
2025-01-17,4150010.0,4936854.341932223,10,6,1757615.369988533,786844.341932224,2544459.711920757,99538.12780298386,2544459.711920757
2025-01-21,4150010.0,4992118.91603066,10,6,1757615.369988533,842108.9160306597,2599724.2860191925,55264.574098435696,2599724.2860191925
2025-01-22,4150010.0,5134951.024904082,10,6,1757615.369988533,984941.0249040822,2742556.3948926153,142832.10887342272,2742556.3948926153
2025-01-23,4150010.0,5144611.090404085,10,6,1757615.369988533,994601.0904040862,2752216.460392619,9660.065500003751,2752216.460392619
2025-01-24,4150010.0,5040140.547267515,10,6,1757615.369988533,890130.5472675165,2647745.9172560493,-104470.54313656967,2647745.9172560493
2025-01-27,4150010.0,4577752.77969728,10,6,1757615.369988533,427742.7796972804,2185358.149685813,-462387.76757023623,2185358.149685813
2025-01-28,4150010.0,4835097.3436421575,10,6,1757615.369988533,685087.3436421587,2442702.7136306916,257344.56394487852,2442702.7136306916
2025-01-29,4150010.0,4730024.746259138,10,6,1757615.369988533,580014.7462591383,2337630.116247671,-105072.59738302045,2337630.116247671
2025-01-30,4150010.0,4748648.891447881,10,6,1757615.369988533,598638.8914478819,2356254.261436415,18624.145188743714,2356254.261436415
2025-01-31,4150010.0,4651178.74342774,10,6,1757615.369988533,501168.7434277408,2258784.1134162736,-97470.14802014129,2258784.1134162736
2025-02-03,4150010.0,4550627.009847497,10,6,1757615.369988533,400617.00984749594,2158232.379836029,-100551.7335802447,2158232.379836029
2025-02-04,4150010.0,4619337.124066354,10,6,1757615.369988533,469327.1240663541,2226942.494054887,68710.11421885807,2226942.494054887
2025-02-05,4150010.0,4749334.611251336,10,6,1757615.369988533,599324.6112513357,2356939.981239869,129997.48718498182,2356939.981239869
2025-02-06,4150010.0,4828235.412072121,10,6,1757615.369988533,678225.4120721214,2435840.7820606544,78900.80082078557,2435840.7820606544
2025-02-07,4150010.0,4821388.382442324,10,6,1757615.369988533,671378.3824423249,2428993.752430858,-6847.029629796278,2428993.752430858
2025-02-10,4150010.0,4902783.113473612,10,6,1757615.369988533,752773.1134736126,2510388.4834621456,81394.73103128746,2510388.4834621456
2025-02-11,4150010.0,4913961.340146642,10,6,1757615.369988533,763951.340146643,2521566.710135176,11178.226673030294,2521566.710135176
2025-02-12,4150010.0,4899317.599731198,10,6,1757615.369988533,749307.599731198,2506922.9697197312,-14643.740415444598,2506922.9697197312
2025-02-13,4150010.0,5023102.208153685,10,6,1757615.369988533,873092.2081536845,2630707.5781422174,123784.60842248611,2630707.5781422174
2025-02-14,4150010.0,5117289.423561438,10,6,1757615.369988533,967279.4235614386,2724894.7935499717,94187.2154077543,2724894.7935499717
2025-02-18,4150010.0,5113874.895408602,10,6,1757615.369988533,963864.8954086036,2721480.2653971366,-3414.5281528350897,2721480.2653971366
2025-02-19,4150010.0,5118116.772819588,10,6,1757615.369988533,968106.7728195873,2725722.14280812,4241.877410983667,2725722.14280812
2025-02-20,4150010.0,5122169.705765683,10,6,1757615.369988533,972159.7057656832,2729775.075754216,4052.9329460957088,2729775.075754216
2025-02-21,4150010.0,4983578.721102079,10,6,1757615.369988533,833568.7211020796,2591184.0910906126,-138590.98466360336,2591184.0910906126
2025-02-24,4150010.0,4903487.03846279,10,6,1757615.369988533,753477.0384627903,2511092.4084513234,-80091.68263928918,2511092.4084513234
2025-02-25,4150010.0,4811996.359569753,10,6,1757615.369988533,661986.3595697527,2419601.729558286,-91490.6788930376,2419601.729558286
2025-02-26,4150010.0,4883300.170015607,10,6,1757615.369988533,733290.1700156085,2490905.5400041416,71303.81044585584,2490905.5400041416
2025-02-27,4150010.0,4623505.937781989,10,6,1757615.369988533,473495.9377819897,2231111.307770523,-259794.23223361885,2231111.307770523
2025-02-28,4150010.0,4747743.642264154,10,6,1757615.369988533,597733.6422641543,2355349.0122526875,124237.7044821647,2355349.0122526875
2025-03-03,4150010.0,4490819.233552436,10,6,1757615.369988533,340809.233552436,2098424.603540969,-256924.4087117184,2098424.603540969
2025-03-04,4150010.0,4522145.171437426,10,6,1757615.369988533,372135.17143742595,2129750.5414259587,31325.93788498966,2129750.5414259587
2025-03-05,4150010.0,4553893.084065383,10,6,1757615.369988533,403883.0840653843,2161498.4540539174,31747.912627958693,2161498.4540539174
2025-03-06,4150010.0,4398562.284306046,10,6,1757615.369988533,248552.28430604638,2006167.6542945793,-155330.79975933814,2006167.6542945793
2025-03-07,4150010.0,4458017.180163223,10,6,1757615.369988533,308007.1801632232,2065622.550151756,59454.89585717674,2065622.550151756
2025-03-10,4150010.0,4275834.478948864,10,6,1757615.369988533,125824.47894886395,1883439.848937397,-182182.70121435914,1883439.848937397
2025-03-11,4150010.0,4284706.640791009,10,6,1757615.369988533,134696.64079100965,1892312.0107795426,8872.161842145724,1892312.0107795426
2025-03-12,4150010.0,4412805.242224342,10,6,1757615.369988533,262795.24222434236,2020410.6122128754,128098.60143333278,2020410.6122128754
2025-03-13,4150010.0,4364861.267171135,10,6,1757615.369988533,214851.26717113497,1972466.637159668,-47943.97505320748,1972466.637159668
2025-03-14,4150010.0,4519895.089096858,10,6,1757615.369988533,369885.08909685875,2127500.459085392,155033.82192572393,2127500.459085392
2025-03-17,4150010.0,4480052.142248095,10,6,1757615.369988533,330042.14224809554,2087657.5122366284,-39842.946848763386,2087657.5122366284
2025-03-18,4150010.0,4380059.78973305,10,6,1757615.369988533,230049.78973305057,1987665.1597215836,-99992.35251504485,1987665.1597215836
2025-03-19,4150010.0,4441420.031688506,10,6,1757615.369988533,291410.03168850637,2049025.4016770395,61360.24195545586,2049025.4016770395
2025-03-20,4150010.0,4456217.666296748,10,6,1757615.369988533,306207.66629674926,2063823.036285282,14797.63460824266,2063823.036285282
2025-03-21,4150010.0,4465077.698027142,10,6,1757615.369988533,315067.69802714296,2072683.068015676,8860.03173039388,2072683.068015676
2025-03-24,4150010.0,4572646.861371732,10,6,1757615.369988533,422636.86137173243,2180252.2313602655,107569.16334458953,2180252.2313602655
2025-03-25,4150010.0,4573948.352296916,10,6,1757615.369988533,423938.35229691654,2181553.7222854495,1301.4909251839854,2181553.7222854495
2025-03-26,4150010.0,4407926.985023134,10,6,1757615.369988533,257916.98502313378,2015532.3550116667,-166021.36727378285,2015532.3550116667
2025-03-27,4150010.0,4369087.289715248,10,6,1757615.369988533,219077.28971524886,1976692.6597037818,-38839.69530788483,1976692.6597037818
2025-03-28,4150010.0,4289105.899021949,10,6,1757615.369988533,139095.89902194912,1896711.2690104821,-79981.3906932997,1896711.2690104821
2025-03-31,4150010.0,4279979.880897341,10,6,1757615.369988533,129969.8808973418,1887585.2508858747,-9126.018124607392,1887585.2508858747
2025-04-01,4150010.0,4321771.228863107,10,6,1757615.369988533,171761.22886310655,1929376.5988516395,41791.34796576481,1929376.5988516395
2025-04-02,4150010.0,4339142.624920608,10,6,1757615.369988533,189132.62492060717,1946747.99490914,17371.396057500504,1946747.99490914
2025-04-03,4150010.0,4040750.9279971565,10,6,1757615.369988533,-109259.07200284363,1648356.2979856892,-298391.6969234508,1648356.2979856892
2025-04-04,4150010.0,3804619.516778857,10,6,1757615.369988533,-345390.48322114337,1412224.8867673897,-236131.41121829953,1412224.8867673897
2025-04-07,4150010.0,3846081.5806761323,10,6,1757615.369988533,-303928.4193238675,1453686.9506646655,41462.06389727583,1453686.9506646655
2025-04-08,4150010.0,3763007.943181625,10,6,1757615.369988533,-387002.05681837536,1370613.3131701576,-83073.63749450794,1370613.3131701576
2025-04-09,4150010.0,4288597.998208681,10,6,1757615.369988533,138587.99820868115,1896203.368197214,525590.0550270565,1896203.368197214
2025-04-10,4150010.0,4094185.2229677085,10,6,1757615.369988533,-55824.777032291735,1701790.5929562412,-194412.77524097287,1701790.5929562412
2025-04-11,4150010.0,4205844.337705537,10,6,1757615.369988533,55834.33770553669,1813449.7076940697,111659.1147378285,1813449.7076940697
2025-04-14,4150010.0,4219924.029197499,10,6,1757615.369988533,69914.02919749946,1827529.3991860324,14079.691491962643,1827529.3991860324
2025-04-15,4150010.0,4245517.8523799265,10,6,1757615.369988533,95507.85237992664,1853123.2223684597,25593.823182427324,1853123.2223684597
2025-04-16,4150010.0,4041751.2728198455,10,6,1757615.369988533,-108258.72718015441,1649356.6428083787,-203766.579560081,1649356.6428083787
2025-04-17,4150010.0,3990093.9820470656,10,6,1757615.369988533,-159916.01795293376,1597699.3520355993,-51657.29077277938,1597699.3520355993
2025-04-21,4150010.0,3872440.7548005013,10,6,1757615.369988533,-277569.2451994988,1480046.1247890342,-117653.22724656505,1480046.1247890342
2025-04-22,4150010.0,3950146.7029707585,10,6,1757615.369988533,-199863.29702924096,1557752.072959292,77705.94817025773,1557752.072959292
2025-04-23,4150010.0,4059453.279580395,10,6,1757615.369988533,-90556.7204196048,1667058.6495689282,109306.57660963619,1667058.6495689282
2025-04-24,4150010.0,4159980.140931411,10,6,1757615.369988533,9970.140931411517,1767585.5109199444,100526.86135101621,1767585.5109199444
2025-04-25,4150010.0,4260946.68245906,10,6,1757615.369988533,110936.68245906009,1868552.052447593,100966.54152764869,1868552.052447593
2025-04-28,4150010.0,4216661.598843988,10,6,1757615.369988533,66651.59884398828,1824266.9688325212,-44285.08361507184,1824266.9688325212
2025-04-29,4150010.0,4227191.542697651,10,6,1757615.369988533,77181.54269765157,1834796.9126861845,10529.94385366328,1834796.9126861845
2025-04-30,4150010.0,4227682.508454122,10,6,1757615.369988533,77672.50845412204,1835287.878442655,490.96575647057034,1835287.878442655
2025-05-01,4150010.0,4293284.849292376,10,6,1757615.369988533,143274.84929237576,1900890.2192809088,65602.34083825373,1900890.2192809088
2025-05-02,4150010.0,4315544.265875088,10,6,1757615.369988533,165534.26587508846,1923149.6358636215,22259.41658271267,1923149.6358636215
2025-05-05,4150010.0,4267620.601255088,10,6,1757615.369988533,117610.60125508817,1875225.971243621,-47923.6646200004,1875225.971243621
2025-05-06,4150010.0,4258584.894017471,10,6,1757615.369988533,108574.89401747179,1866190.2640060047,-9035.707237616414,1866190.2640060047
2025-05-07,4150010.0,4324614.584999422,10,6,1757615.369988533,174604.5849994224,1932219.9549879553,66029.69098195061,1932219.9549879553
2025-05-08,4150010.0,4340564.39871253,10,6,1757615.369988533,190554.3987125299,1948169.7687010628,15949.813713107491,1948169.7687010628
2025-05-09,4150010.0,4331717.84721937,10,6,1757615.369988533,181707.84721937063,1939323.2172079035,-8846.551493159262,1939323.2172079035
2025-05-12,4150010.0,4537712.956481244,10,6,1757615.369988533,387702.956481245,2145318.326469778,205995.10926187458,2145318.326469778
2025-05-13,4150010.0,4692896.744642731,10,6,1757615.369988533,542886.7446427313,2300502.1146312645,155183.7881614864,2300502.1146312645
2025-05-14,4150010.0,4799820.3065577,10,6,1757615.369988533,649810.3065577009,2407425.6765462337,106923.56191496924,2407425.6765462337
2025-05-15,4150010.0,4779460.423271597,10,6,1757615.369988533,629450.4232715974,2387065.79326013,-20359.883286103606,2387065.79326013
2025-05-16,4150010.0,4790757.830930266,10,6,1757615.369988533,640747.8309302658,2398363.200918799,11297.4076586687,2398363.200918799
2025-05-19,4150010.0,4783441.72179289,10,6,1757615.369988533,633431.72179289,2391047.091781423,-7316.109137375839,2391047.091781423
2025-05-20,4150010.0,4747760.036515206,10,6,1757615.369988533,597750.0365152064,2355365.4065037393,-35681.68527768366,2355365.4065037393
2025-05-21,4150010.0,4669408.939195244,10,6,1757615.369988533,519398.9391952439,2277014.309183777,-78351.09731996246,2277014.309183777
2025-05-22,4150010.0,4689439.01971059,10,6,1757615.369988533,539429.0197105907,2297044.389699124,20030.080515346956,2297044.389699124
2025-05-23,4150010.0,4627288.330349855,10,6,1757615.369988533,477278.33034985594,2234893.700338389,-62150.68936073501,2234893.700338389
2025-05-27,4150010.0,4742250.645874644,10,6,1757615.369988533,592240.6458746436,2349856.0158631764,114962.31552478764,2349856.0158631764
2025-05-28,4150010.0,4727573.999048999,10,6,1757615.369988533,577563.999048999,2335179.3690375322,-14676.646825644188,2335179.3690375322
2025-05-29,4150010.0,4816379.446270004,10,6,1757615.369988533,666369.4462700043,2423984.816258537,88805.44722100487,2423984.816258537
2025-05-30,4150010.0,4736458.211284873,10,6,1757615.369988533,586448.2112848726,2344063.581273406,-79921.2349851313,2344063.581273406
2025-06-02,4150010.0,4788424.701555008,10,6,1757615.369988533,638414.701555009,2396030.0715435417,51966.490270135924,2396030.0715435417
2025-06-03,4150010.0,4873373.18031434,10,6,1757615.369988533,723363.1803143402,2480978.5503028734,84948.47875933163,2480978.5503028734
2025-06-04,4150010.0,4887399.22821015,10,6,1757615.369988533,737389.2282101515,2495004.5981986844,14026.047895811033,2495004.5981986844
2025-06-05,4150010.0,4838469.84168935,10,6,1757615.369988533,688459.8416893501,2446075.211677883,-48929.38652080158,2446075.211677883
2025-06-06,4150010.0,4895656.873087652,10,6,1757615.369988533,745646.8730876518,2503262.2430761848,57187.031398301944,2503262.2430761848
2025-06-09,4150010.0,4906828.313579936,10,6,1757615.369988533,756818.313579935,2514433.683568468,11171.440492283087,2514433.683568468
2025-06-10,4150010.0,4940471.931467153,10,6,1757615.369988533,790461.931467153,2548077.301455686,33643.61788721802,2548077.301455686
2025-06-11,4150010.0,4894459.11666675,10,6,1757615.369988533,744449.1166667503,2502064.4866552833,-46012.814800402615,2502064.4866552833
2025-06-12,4150010.0,4940964.367760293,10,6,1757615.369988533,790954.3677602952,2548569.7377488283,46505.251093545,2548569.7377488283
2025-06-13,4150010.0,4864787.910576112,10,6,1757615.369988533,714777.9105761132,2472393.2805646462,-76176.45718418201,2472393.2805646462
2025-06-16,4150010.0,4934284.25826413,10,6,1757615.369988533,784274.2582641301,2541889.628252663,69496.34768801695,2541889.628252663
2025-06-17,4150010.0,4908276.819375943,10,6,1757615.369988533,758266.8193759436,2515882.1893644766,-26007.43888818659,2515882.1893644766
2025-06-18,4150010.0,4937880.2438761145,10,6,1757615.369988533,787870.2438761147,2545485.6138646477,29603.424500171095,2545485.6138646477
2025-06-20,4150010.0,4921612.029508492,10,6,1757615.369988533,771602.0295084916,2529217.3994970247,-16268.214367622975,2529217.3994970247
2025-06-23,4150010.0,4929086.302246726,10,6,1757615.369988533,779076.3022467255,2536691.6722352584,7474.272738233674,2536691.6722352584
2025-06-24,4150010.0,5005001.740670599,10,6,1757615.369988533,854991.7406705995,2612607.1106591327,75915.43842387432,2612607.1106591327
2025-06-25,4150010.0,5141432.576759768,10,6,1757615.369988533,991422.5767597685,2749037.9467483014,136430.83608916868,2749037.9467483014
2025-06-26,4150010.0,5159300.639393359,10,6,1757615.369988533,1009290.6393933594,2766906.009381892,17868.062633590773,2766906.009381892
2025-06-27,4150010.0,5222772.520902255,10,6,1757615.369988533,1072762.520902256,2830377.890890789,63471.88150889706,2830377.890890789
2025-06-30,4150010.0,5242104.066558994,10,6,1757615.369988533,1092094.0665589953,2849709.436547528,19331.545656738803,2849709.436547528
2025-07-01,4150010.0,5159357.868751595,10,6,1757615.369988533,1009347.8687515955,2766963.2387401285,-82746.19780739956,2766963.2387401285
2025-07-02,4150010.0,5261118.728249664,10,6,1757615.369988533,1111108.7282496658,2868724.098238199,101760.85949807055,2868724.098238199
2025-07-03,4150010.0,5313131.315529347,10,6,1757615.369988533,1163121.3155293486,2920736.6855178815,52012.58727968251,2920736.6855178815
2025-07-07,4150010.0,5274001.043694861,10,6,1757615.369988533,1123991.0436948624,2881606.4136833954,-39130.271834486164,2881606.4136833954
2025-07-08,4150010.0,5305666.754339745,10,6,1757615.369988533,1155656.754339745,2913272.124328278,31665.710644882638,2913272.124328278
2025-07-09,4150010.0,5373623.199521249,10,6,1757615.369988533,1223613.199521249,2981228.569509782,67956.44518150389,2981228.569509782
2025-07-10,4150010.0,5404198.431831818,10,6,1757615.369988533,1254188.4318318183,3011803.8018203513,30575.23231056938,3011803.8018203513
2025-07-11,4150010.0,5418414.553007964,10,6,1757615.369988533,1268404.5530079643,3026019.9229964972,14216.12117614597,3026019.9229964972
2025-07-14,4150010.0,5390010.508334926,10,6,1757615.369988533,1240000.5083349263,2997615.878323459,-28404.04467303818,2997615.878323459
2025-07-15,4150010.0,5529050.044754904,10,6,1757615.369988533,1379040.0447549035,3136655.4147434365,139039.53641997743,3136655.4147434365
2025-07-16,4150010.0,5544018.829425884,10,6,1757615.369988533,1394008.8294258849,3151624.199414418,14968.784670981579,3151624.199414418
2025-07-17,4150010.0,5577604.462586557,10,6,1757615.369988533,1427594.462586557,3185209.83257509,33585.63316067215,3185209.83257509
2025-07-18,4150010.0,5573442.641614355,10,6,1757615.369988533,1423432.641614356,3181048.011602889,-4161.820972201414,3181048.011602889
2025-07-21,4150010.0,5561957.4164537825,10,6,1757615.369988533,1411947.4164537834,3169562.786442316,-11485.225160572678,3169562.786442316
2025-07-22,4150010.0,5479484.409777458,10,6,1757615.369988533,1329474.409777458,3087089.779765991,-82473.00667632511,3087089.779765991
2025-07-23,4150010.0,5556203.753852783,10,6,1757615.369988533,1406193.7538527828,3163809.1238413155,76719.34407532448,3163809.1238413155
2025-07-24,4150010.0,5619651.581945366,10,6,1757615.369988533,1469641.5819453676,3227256.951933901,63447.82809258532,3227256.951933901
2025-07-25,4150010.0,5614375.223427094,10,6,1757615.369988533,1464365.223427093,3221980.593415626,-5276.358518274967,3221980.593415626
2025-07-28,4150010.0,5683385.919791491,10,6,1757615.369988533,1533375.9197914924,3290991.2897800254,69010.69636439951,3290991.2897800254
2025-07-29,4150010.0,5643059.291101283,10,6,1757615.369988533,1493049.2911012846,3250664.6610898175,-40326.62869020784,3250664.6610898175
2025-07-30,4150010.0,5708999.941727637,10,6,1757615.369988533,1558989.9417276382,3316605.311716171,65940.65062635345,3316605.311716171
2025-07-31,4150010.0,5677940.623197696,10,6,1757615.369988533,1527930.6231976969,3285545.99318623,-31059.31852994114,3285545.99318623
2025-08-01,4150010.0,5546596.320382697,10,6,1757615.369988533,1396586.3203826963,3154201.6903712293,-131344.30281500053,3154201.6903712293
2025-08-04,4150010.0,5676356.6705419645,10,6,1757615.369988533,1526346.6705419654,3283962.040530498,129760.35015926883,3283962.040530498
2025-08-05,4150010.0,5641083.741648812,10,6,1757615.369988533,1491073.741648812,3248689.111637345,-35272.92889315309,3248689.111637345
2025-08-06,4150010.0,5722434.687622795,10,6,1757615.369988533,1572424.6876227949,3330040.0576113276,81350.94597398257,3330040.0576113276
2025-08-07,4150010.0,5782396.651419105,10,6,1757615.369988533,1632386.6514191062,3390002.021407639,59961.963796311524,3390002.021407639
2025-08-08,4150010.0,5864545.328019785,10,6,1757615.369988533,1714535.3280197852,3472150.6980083184,82148.67660067929,3472150.6980083184
2025-08-11,4150010.0,5840985.180020782,10,6,1757615.369988533,1690975.180020783,3448590.550009316,-23560.1479990026,3448590.550009316
2025-08-12,4150010.0,5875172.134526779,10,6,1757615.369988533,1725162.1345267787,3482777.5045153117,34186.95450599585,3482777.5045153117
2025-08-13,4150010.0,5863531.646606617,10,6,1757615.369988533,1713521.6466066164,3471137.0165951494,-11640.487920162268,3471137.0165951494
2025-08-14,4150010.0,5877179.684056419,10,6,1757615.369988533,1727169.68405642,3484785.054044953,13648.037449803669,3484785.054044953
2025-08-15,4150010.0,5839523.575141158,10,6,1757615.369988533,1689513.5751411584,3447128.9451296916,-37656.10891526146,3447128.9451296916
2025-08-18,4150010.0,5868817.901400439,10,6,1757615.369988533,1718807.9014004397,3476423.2713889726,29294.32625928102,3476423.2713889726
2025-08-19,4150010.0,5732612.518323098,10,6,1757615.369988533,1582602.518323098,3340217.888311631,-136205.3830773416,3340217.888311631
2025-08-20,4150010.0,5701821.646392391,10,6,1757615.369988533,1551811.6463923918,3309427.0163809247,-30790.871930706315,3309427.0163809247
2025-08-21,4150010.0,5685935.4435844235,10,6,1757615.369988533,1535925.443584424,3293540.813572957,-15886.202807967551,3293540.813572957
2025-08-22,4150010.0,5768826.259111747,10,6,1757615.369988533,1618816.259111748,3376431.629100281,82890.81552732363,3376431.629100281
2025-08-25,4150010.0,5802355.942929526,10,6,1757615.369988533,1652345.9429295268,3409961.3129180595,33529.683817778714,3409961.3129180595
2025-08-26,4150010.0,5853394.844017653,10,6,1757615.369988533,1703384.8440176547,3461000.2140061874,51038.90108812787,3461000.2140061874
2025-08-27,4150010.0,5855835.919963026,10,6,1757615.369988533,1705825.9199630278,3463441.289951561,2441.0759453736246,3463441.289951561
2025-08-28,4150010.0,5838920.308313035,10,6,1757615.369988533,1688910.3083130354,3446525.678301568,-16915.611649992876,3446525.678301568
2025-08-29,4150010.0,5711104.339435886,10,6,1757615.369988533,1561094.339435886,3318709.709424419,-127815.96887714928,3318709.709424419
2025-09-02,4150010.0,5625956.425382133,10,6,1757615.369988533,1475946.4253821322,3233561.7953706654,-85147.91405375348,3233561.7953706654
2025-09-03,4150010.0,5663892.177457571,10,6,1757615.369988533,1513882.1774575715,3271497.5474461047,37935.75207543932,3271497.5474461047
2025-09-04,4150010.0,5702412.028666498,10,6,1757615.369988533,1552402.0286664984,3310017.3986550313,38519.851208926644,3310017.3986550313
2025-09-05,4150010.0,5602957.884264997,10,6,1757615.369988533,1452947.884264997,3210563.25425353,-99454.1444015014,3210563.25425353
2025-09-08,4150010.0,5625080.362548019,10,6,1757615.369988533,1475070.3625480193,3232685.7325365525,22122.47828302253,3232685.7325365525
2025-09-09,4150010.0,5661771.241602473,10,6,1757615.369988533,1511761.241602474,3269376.6115910066,36690.879054454155,3269376.6115910066
2025-09-10,4150010.0,5752509.938921378,10,6,1757615.369988533,1602499.9389213782,3360115.308909911,90738.69731890457,3360115.308909911
2025-09-11,4150010.0,5763982.382480666,10,6,1757615.369988533,1613972.382480666,3371587.752469199,11472.443559287582,3371587.752469199
2025-09-12,4150010.0,5793937.973002418,10,6,1757615.369988533,1643927.9730024189,3401543.3429909516,29955.590521752834,3401543.3429909516
2025-09-15,4150010.0,5808432.281804015,10,6,1757615.369988533,1658422.2818040159,3416037.6517925486,14494.308801596984,3416037.6517925486
2025-09-16,4150010.0,5759263.879826816,10,6,1757615.369988533,1609253.879826817,3366869.24981535,-49168.401977198664,3366869.24981535
2025-09-17,4150010.0,5666187.515231773,10,6,1757615.369988533,1516177.5152317733,3273792.885220306,-93076.36459504394,3273792.885220306
2025-09-18,4150010.0,5782680.23264085,10,6,1757615.369988533,1632670.23264085,3390285.602629383,116492.7174090771,3390285.602629383
2025-09-19,4150010.0,5827034.024035853,10,6,1757615.369988533,1677024.0240358536,3434639.3940243865,44353.79139500344,3434639.3940243865
2025-09-22,4150010.0,6013936.306362862,10,6,1757615.369988533,1863926.306362861,3621541.676351394,186902.2823270075,3621541.676351394
2025-09-23,4150010.0,5892083.248076144,10,6,1757615.369988533,1742073.248076144,3499688.618064677,-121853.05828671716,3499688.618064677
2025-09-24,4150010.0,5851749.0150637245,10,6,1757615.369988533,1701739.0150637254,3459354.385052258,-40334.23301241873,3459354.385052258
2025-09-25,4150010.0,5885247.9530297695,10,6,1757615.369988533,1735237.9530297697,3492853.3230183027,33498.93796604453,3492853.3230183027
2025-09-26,4150010.0,5890855.871977359,10,6,1757615.369988533,1740845.8719773588,3498461.241965892,5607.918947589118,3498461.241965892
2025-09-29,4150010.0,5963927.007560925,10,6,1757615.369988533,1813917.007560925,3571532.3775494583,73071.1355835665,3571532.3775494583
2025-09-30,4150010.0,6058910.755978108,10,6,1757615.369988533,1908900.75597811,3666516.125966643,94983.74841718469,3666516.125966643
2025-10-01,4150010.0,6077461.74165835,10,6,1757615.369988533,1927451.7416583516,3685067.1116468846,18550.985680241603,3685067.1116468846
2025-10-02,4150010.0,6121128.258491625,10,6,1757615.369988533,1971118.2584916255,3728733.6284801587,43666.51683327416,3728733.6284801587
2025-10-03,4150010.0,6095859.3593009105,10,6,1757615.369988533,1945849.3593009105,3703464.729289443,-25268.899190715514,3703464.729289443
2025-10-06,4150010.0,6048628.368627289,10,6,1757615.369988533,1898618.3686272902,3656233.738615823,-47230.990673620254,3656233.738615823
2025-10-07,4150010.0,6038409.23924057,10,6,1757615.369988533,1888399.2392405707,3646014.6092291037,-10219.129386719316,3646014.6092291037
2025-10-08,4150010.0,6133169.533665483,10,6,1757615.369988533,1983159.5336654847,3740774.9036540175,94760.29442491382,3740774.9036540175
2025-10-09,4150010.0,6188456.526648017,10,6,1757615.369988533,2038446.5266480178,3796061.896636551,55286.992982533295,3796061.896636551
2025-10-10,4150010.0,5941776.862757648,10,6,1757615.369988533,1791766.8627576495,3549382.2327461825,-246679.6638903683,3549382.2327461825
2025-10-13,4150010.0,6062945.557012563,10,6,1757615.369988533,1912935.5570125638,3670550.927001097,121168.6942549143,3670550.927001097
2025-10-14,4150010.0,5889145.555899534,10,6,1757615.369988533,1739135.555899534,3496750.925888067,-173800.00111302966,3496750.925888067
2025-10-15,4150010.0,5891362.814709204,10,6,1757615.369988533,1741352.814709205,3498968.184697738,2217.258809670806,3498968.184697738
2025-10-16,4150010.0,5921981.101510566,10,6,1757615.369988533,1771971.101510566,3529586.471499099,30618.286801361013,3529586.471499099
2025-10-17,4150010.0,5971654.6474643,10,6,1757615.369988533,1821644.6474643,3579260.0174528332,49673.54595373431,3579260.0174528332
2025-10-20,4150010.0,6009726.309985493,10,6,1757615.369988533,1859716.309985495,3617331.679974028,38071.66252119467,3617331.679974028
2025-10-21,4150010.0,5988184.611938003,10,6,1757615.369988533,1838174.6119380023,3595789.9819265353,-21541.698047492653,3595789.9819265353
2025-10-22,4150010.0,5945464.546988006,10,6,1757615.369988533,1795454.546988007,3553069.91697654,-42720.06494999537,3553069.91697654
2025-10-23,4150010.0,5992867.243622039,10,6,1757615.369988533,1842857.2436220392,3600472.613610572,47402.6966340323,3600472.613610572
2025-10-24,4150010.0,6095553.609623867,10,6,1757615.369988533,1945543.6096238676,3703158.9796124008,102686.36600182857,3703158.9796124008
2025-10-27,4150010.0,6233730.7255659355,10,6,1757615.369988533,2083720.7255659348,3841336.0955544678,138177.115942067,3841336.0955544678
2025-10-28,4150010.0,6432956.511413595,10,6,1757615.369988533,2282946.511413596,4040561.8814021293,199225.78584766155,4040561.8814021293
2025-10-29,4150010.0,6560705.24307631,10,6,1757615.369988533,2410695.243076311,4168310.613064844,127748.73166271485,4168310.613064844
2025-10-30,4150010.0,6474882.220410364,10,6,1757615.369988533,2324872.2204103647,4082487.5903988974,-85823.02266594674,4082487.5903988974
2025-10-31,4150010.0,6486434.089058581,10,6,1757615.369988533,2336424.0890585817,4094039.4590471145,11551.86864821706,4094039.4590471145
2025-11-03,4150010.0,6581624.954562877,10,6,1757615.369988533,2431614.9545628796,4189230.324551413,95190.86550429836,4189230.324551413
2025-11-04,4150010.0,6412799.3026765175,10,6,1757615.369988533,2262789.302676518,4020404.672665051,-168825.65188636165,4020404.672665051
2025-11-05,4150010.0,6342874.282790291,10,6,1757615.369988533,2192864.282790291,3950479.652778824,-69925.01988622732,3950479.652778824
2025-11-06,4150010.0,6186658.487177906,10,6,1757615.369988533,2036648.4871779059,3794263.857166439,-156215.79561238503,3794263.857166439
2025-11-07,4150010.0,6183654.597050806,10,6,1757615.369988533,2033644.5970508072,3791259.96703934,-3003.8901270986535,3791259.96703934
2025-11-10,4150010.0,6417515.719176239,10,6,1757615.369988533,2267505.7191762417,4025121.089164775,233861.1221254347,4025121.089164775
2025-11-11,4150010.0,6324421.540324885,10,6,1757615.369988533,2174411.5403248863,3932026.910313419,-93094.1788513558,3932026.910313419
2025-11-12,4150010.0,6323685.961862768,10,6,1757615.369988533,2173675.961862769,3931291.3318513017,-735.5784621173516,3931291.3318513017
2025-11-13,4150010.0,6171291.852310311,10,6,1757615.369988533,2021281.852310312,3778897.2222988447,-152394.109552457,3778897.2222988447
2025-11-14,4150010.0,6233384.18626496,10,6,1757615.369988533,2083374.1862649613,3840989.556253494,62092.33395464951,3840989.556253494
2025-11-17,4150010.0,6135132.5500382725,10,6,1757615.369988533,1985122.5500382734,3742737.920026806,-98251.63622668805,3742737.920026806
2025-11-18,4150010.0,6015684.462749361,10,6,1757615.369988533,1865674.4627493625,3623289.8327378957,-119448.08728891052,3623289.8327378957
2025-11-19,4150010.0,6126897.041280303,10,6,1757615.369988533,1976887.0412803043,3734502.4112688373,111212.57853094162,3734502.4112688373
2025-11-20,4150010.0,5989191.956571123,10,6,1757615.369988533,1839181.956571124,3596797.326559657,-137705.08470918005,3596797.326559657
2025-11-21,4150010.0,5981418.506360246,10,6,1757615.369988533,1831408.506360247,3589023.87634878,-7773.4502108772285,3589023.87634878
2025-11-24,4150010.0,6083642.929454584,10,6,1757615.369988533,1933632.9294545841,3691248.2994431173,102224.42309433734,3691248.2994431173
2025-11-25,4150010.0,5995351.666812682,10,6,1757615.369988533,1845341.666812682,3602957.0368012153,-88291.26264190208,3602957.0368012153
2025-11-26,4150010.0,6047512.250706611,10,6,1757615.369988533,1897502.2507066121,3655117.620695145,52160.58389392961,3655117.620695145
2025-11-28,4150010.0,5991307.573865166,10,6,1757615.369988533,1841297.573865166,3598912.9438536987,-56204.6768414462,3598912.9438536987
2025-12-01,4150010.0,6071651.1321940655,10,6,1757615.369988533,1921641.1321940662,3679256.502182599,80343.55832890049,3679256.502182599
2025-12-02,4150010.0,6118172.786736491,10,6,1757615.369988533,1968162.7867364918,3725778.156725025,46521.65454242565,3725778.156725025
2025-12-03,4150010.0,6068019.604449907,10,6,1757615.369988533,1918009.6044499073,3675624.97443844,-50153.18228658475,3675624.97443844
2025-12-04,4150010.0,6126260.607314891,10,6,1757615.369988533,1976250.6073148914,3733865.9773034244,58241.00286498433,3733865.9773034244
2025-12-05,4150010.0,6097951.041856804,10,6,1757615.369988533,1947941.0418568049,3705556.4118453376,-28309.565458086785,3705556.4118453376
2025-12-08,4150010.0,6155225.771445239,10,6,1757615.369988533,2005215.7714452392,3762831.141433772,57274.729588434566,3762831.141433772
2025-12-09,4150010.0,6141220.707949247,10,6,1757615.369988533,1991210.7079492472,3748826.07793778,-14005.063495992217,3748826.07793778
2025-12-10,4150010.0,6128643.481164451,10,6,1757615.369988533,1978633.481164452,3736248.851152985,-12577.226784795057,3736248.851152985
2025-12-11,4150010.0,6064973.059012384,10,6,1757615.369988533,1914963.0590123849,3672578.429000918,-63670.42215206707,3672578.429000918
2025-12-12,4150010.0,5940174.606388937,10,6,1757615.369988533,1790164.6063889381,3547779.9763774714,-124798.45262344647,3547779.9763774714
2025-12-15,4150010.0,5942735.461182537,10,6,1757615.369988533,1792725.4611825366,3550340.8311710693,2560.854793597944,3550340.8311710693
2025-12-16,4150010.0,5974414.102008792,10,6,1757615.369988533,1824404.1020087933,3582019.4719973262,31678.640826256946,3582019.4719973262
2025-12-17,4150010.0,5820997.507994946,10,6,1757615.369988533,1670987.5079949468,3428602.8779834798,-153416.59401384648,3428602.8779834798
2025-12-18,4150010.0,5894577.688938807,10,6,1757615.369988533,1744567.6889388068,3502183.0589273395,73580.18094385974,3502183.0589273395
2025-12-19,4150010.0,6042654.720227767,10,6,1757615.369988533,1892644.7202277675,3650260.0902163005,148077.03128896095,3650260.0902163005
2025-12-22,4150010.0,6086792.025440953,10,6,1757615.369988533,1936782.0254409546,3694397.3954294873,44137.30521318689,3694397.3954294873
2025-12-23,4150010.0,6210745.56816115,10,6,1757615.369988533,2060735.568161151,3818350.938149684,123953.54272019677,3818350.938149684
2025-12-24,2400007.0,3550612.0049569327,7,5,2662423.7680224194,1150605.0049569323,3813028.7729793517,-5322.165170332417,3813028.7729793517
2025-12-26,2400007.0,3574252.130539624,7,5,2662423.7680224194,1174245.1305396236,3836668.898562043,23640.125582691282,3836668.898562043
2025-12-29,2400007.0,3545628.7841122057,7,5,2662423.7680224194,1145621.7841122055,3808045.5521346247,-28623.34642741829,3808045.5521346247
2025-12-30,1150005.0,1505176.7555132236,5,4,3443378.6129474994,355171.75551322364,3798550.368460723,-9495.183673901483,3798550.368460723
2025-12-31,1150005.0,1501272.2148320815,5,4,3443378.6129474994,351267.21483208163,3794645.827779581,-3904.54068114236,3794645.827779581
2026-01-02,1150005.0,1510095.0571051517,5,4,3443378.6129474994,360090.05710515176,3803468.6700526513,8822.842273070477,3803468.6700526513
2026-01-05,1150005.0,1507354.3219703059,5,4,3443378.6129474994,357349.3219703059,3800727.9349178053,-2740.735134846065,3800727.9349178053
2026-01-06,1150005.0,1504050.4754485078,5,4,3443378.6129474994,354045.4754485078,3797424.088396007,-3303.8465217980556,3797424.088396007
2026-01-07,1150005.0,1511071.1779527343,5,4,3443378.6129474994,361066.17795273435,3804444.7909002337,7020.702504226472,3804444.7909002337
2026-01-08,1150005.0,1495790.7445623898,5,4,3443378.6129474994,345785.74456238985,3789164.357509889,-15280.433390344493,3789164.357509889
2026-01-09,1150005.0,1495114.9421490734,5,4,3443378.6129474994,345109.94214907347,3788488.5550965727,-675.8024133164436,3788488.5550965727
2026-01-12,1150005.0,1495415.3178741513,5,4,3443378.6129474994,345410.3178741513,3788788.9308216507,300.37572507793084,3788788.9308216507
2026-01-13,1150005.0,1498681.6389143688,5,4,3443378.6129474994,348676.6389143688,3792055.2518618684,3266.3210402177647,3792055.2518618684
2026-01-14,1150005.0,1488657.351031799,5,4,3443378.6129474994,338652.3510317991,3782030.9639792982,-10024.287882570177,3782030.9639792982
2026-01-15,1150005.0,1503337.147553611,5,4,3443378.6129474994,353332.14755361114,3796710.7605011105,14679.796521812212,3796710.7605011105
2026-01-16,1650006.0,2000259.4539212955,6,5,3443378.6129474994,350253.4539212955,3793632.066868795,-3078.6936323153786,3793632.066868795
2026-01-20,1650006.0,1957502.3270157827,6,5,3443378.6129474994,307496.32701578276,3750874.939963282,-42757.126905512996,3750874.939963282
2026-01-21,1650006.0,1986879.6981549903,6,5,3443378.6129474994,336873.6981549903,3780252.31110249,29377.371139207855,3780252.31110249
2026-01-22,1650006.0,1995859.0510268114,6,5,3443378.6129474994,345853.0510268114,3789231.6639743107,8979.352871820796,3789231.6639743107
2026-01-23,1650006.0,2002529.44803442,6,5,3443378.6129474994,352523.4480344201,3795902.0609819195,6670.397007608786,3795902.0609819195
2026-01-26,1650006.0,2006100.0065669208,6,5,3443378.6129474994,356094.0065669207,3799472.61951442,3570.5585325006396,3799472.61951442
2026-01-27,1650006.0,2015751.0153380767,6,5,3443378.6129474994,365745.01533807657,3809123.628285576,9651.00877115596,3809123.628285576
2026-01-28,1650006.0,2029226.4635810778,6,5,3443378.6129474994,379220.46358107746,3822599.0765285767,13475.448243000545,3822599.0765285767
2026-01-29,1650006.0,2036337.1767768331,6,5,3443378.6129474994,386331.1767768331,3829709.7897243323,7110.713195755612,3829709.7897243323
2026-01-30,1650006.0,2030777.3618585968,6,5,3443378.6129474994,380771.361858597,3824149.9748060964,-5559.814918235876,3824149.9748060964
2026-02-02,1650006.0,2018674.2815841474,6,5,3443378.6129474994,368668.2815841475,3812046.8945316467,-12103.080274449661,3812046.8945316467
2026-02-03,1650006.0,1992858.132549488,6,5,3443378.6129474994,342852.13254948775,3786230.7454969874,-25816.14903465938,3786230.7454969874
2026-02-04,1650006.0,1959662.5170008407,6,5,3443378.6129474994,309656.51700084086,3753035.1299483404,-33195.61554864701,3753035.1299483404
2026-02-05,1650006.0,1948277.6822196273,6,5,3443378.6129474994,298271.6822196274,3741650.2951671267,-11384.834781213664,3741650.2951671267
2026-02-06,1650006.0,1986362.6682780155,6,5,3443378.6129474994,336356.66827801545,3779735.2812255146,38084.986058387905,3779735.2812255146
2026-02-09,1650006.0,2005957.702869423,6,5,3443378.6129474994,355951.7028694229,3799330.315816922,19595.034591407515,3799330.315816922
2026-02-10,1650006.0,1991629.0402193982,6,5,3443378.6129474994,341623.040219398,3785001.6531668976,-14328.662650024518,3785001.6531668976
2026-02-11,1650006.0,1985752.7983228825,6,5,3443378.6129474994,335746.7983228825,3779125.411270382,-5876.241896515712,3779125.411270382
2026-02-12,1650006.0,1971106.8888525935,6,5,3443378.6129474994,321100.8888525935,3764479.501800093,-14645.909470289014,3764479.501800093
2026-02-13,1650006.0,1950631.5010264274,6,5,3443378.6129474994,300625.5010264274,3744004.1139739268,-20475.387826166116,3744004.1139739268
2026-02-17,1650006.0,1953134.911631111,6,5,3443378.6129474994,303128.91163111094,3746507.5245786104,2503.4106046836823,3746507.5245786104
2026-02-18,1650006.0,1966420.4966862632,6,5,3443378.6129474994,316414.4966862632,3759793.1096337624,13285.585055151954,3759793.1096337624
2026-02-19,1650006.0,1965392.930688852,6,5,3443378.6129474994,315386.93068885215,3758765.5436363514,-1027.5659974110313,3758765.5436363514
2026-02-20,1650006.0,1990980.2466931054,6,5,3443378.6129474994,340974.2466931056,3784352.859640605,25587.31600425346,3784352.859640605
2026-02-23,1650006.0,1992187.4679228573,6,5,3443378.6129474994,342181.4679228574,3785560.080870357,1207.22122975206,3785560.080870357
2026-02-24,1650006.0,1996174.2696034743,6,5,3443378.6129474994,346168.26960347424,3789546.8825509734,3986.801680616569,3789546.8825509734
2026-02-25,1650006.0,2009378.9269992327,6,5,3443378.6129474994,359372.92699923273,3802751.539946732,13204.657395758666,3802751.539946732
2026-02-26,1650006.0,1960955.8140633025,6,5,3443378.6129474994,310949.81406330253,3754328.427010802,-48423.112935930025,3754328.427010802
2026-02-27,1650006.0,1938683.310556785,6,5,3443378.6129474994,288677.3105567852,3732055.9235042846,-22272.503506517503,3732055.9235042846
2026-03-02,1650006.0,1950604.6092072553,6,5,3443378.6129474994,300598.6092072554,3743977.2221547547,11921.298650470097,3743977.2221547547
2026-03-03,1650006.0,1937026.8437188768,6,5,3443378.6129474994,287020.843718877,3730399.4566663764,-13577.765488378238,3730399.4566663764
2026-03-04,1650006.0,1947570.7571412725,6,5,3443378.6129474994,297564.75714127265,3740943.370088772,10543.913422395475,3740943.370088772
2026-03-05,1650006.0,1945287.9567027031,6,5,3443378.6129474994,295281.95670270297,3738660.5696502025,-2282.800438569393,3738660.5696502025
2026-03-06,1650006.0,1920987.8747165855,6,5,3443378.6129474994,270981.8747165853,3714360.487664085,-24300.081986117642,3714360.487664085
2026-03-09,1650006.0,1951327.181606824,6,5,3443378.6129474994,301321.1816068242,3744699.7945543234,30339.306890238542,3744699.7945543234
2026-03-10,1650006.0,1960317.659621414,6,5,3443378.6129474994,310311.65962141415,3753690.2725689136,8990.478014590219,3753690.2725689136
2026-03-11,1650006.0,1967602.9065655496,6,5,3443378.6129474994,317596.9065655493,3760975.5195130487,7285.246944135055,3760975.5195130487
2026-03-12,1650006.0,1948943.508095164,6,5,3443378.6129474994,298937.5080951639,3742316.121042663,-18659.398470385466,3742316.121042663
2026-03-13,1650006.0,1936167.1014441967,6,5,3443378.6129474994,286161.1014441968,3729539.7143916963,-12776.406650966965,3729539.7143916963
2026-03-16,1650006.0,1952291.5031813774,6,5,3443378.6129474994,302285.5031813775,3745664.116128877,16124.401737180538,3745664.116128877
2026-03-17,1650006.0,1955574.9929285934,6,5,3443378.6129474994,305568.9929285933,3748947.605876093,3283.4897472159937,3748947.605876093
2026-03-18,1650006.0,1944933.0322111952,6,5,3443378.6129474994,294927.032211195,3738305.645158694,-10641.960717398673,3738305.645158694
2026-03-19,1650006.0,1937175.4822526309,6,5,3443378.6129474994,287169.48225263105,3730548.0952001303,-7757.549958563875,3730548.0952001303
2026-03-20,1650006.0,1905879.0185018654,6,5,3443378.6129474994,255873.01850186562,3699251.631449365,-31296.463750765193,3699251.631449365
2026-03-23,1650006.0,1918524.7736523787,6,5,3443378.6129474994,268518.7736523788,3711897.3865998783,12645.755150513258,3711897.3865998783
2026-03-24,1650006.0,1899254.2532029166,6,5,3443378.6129474994,249248.25320291656,3692626.866150416,-19270.520449462347,3692626.866150416
2026-03-25,1650006.0,1913063.215711421,6,5,3443378.6129474994,263057.2157114209,3706435.8286589202,13808.962508504279,3706435.8286589202
2026-03-26,1650006.0,1869951.6183088843,6,5,3443378.6129474994,219945.61830888435,3663324.231256384,-43111.59740253631,3663324.231256384
2026-03-27,1650006.0,1846007.7009731738,6,5,3443378.6129474994,196001.70097317387,3639380.3139206734,-23943.91733571049,3639380.3139206734
2026-03-30,1650006.0,1835910.7228514855,6,5,3443378.6129474994,185904.7228514856,3629283.335798985,-10096.97812168859,3629283.335798985
2026-03-31,1650006.0,1891883.8288662178,6,5,3443378.6129474994,241877.82886621763,3685256.441813717,55973.10601473227,3685256.441813717
2026-04-01,1650006.0,1911857.0561550786,6,5,3443378.6129474994,261851.05615507838,3705229.669102578,19973.227288860828,3705229.669102578
2026-04-02,1650006.0,1915558.2981266838,6,5,3443378.6129474994,265552.2981266838,3708930.911074183,3701.2419716049917,3708930.911074183
2026-04-06,1650006.0,1922895.4059771877,6,5,3443378.6129474994,272889.4059771879,3716268.018924687,7337.107850504108,3716268.018924687
2026-04-07,1650006.0,1932916.2837314822,6,5,3443378.6129474994,282910.28373148234,3726288.896678982,10020.87775429478,3726288.896678982
2026-04-08,1650006.0,1965842.0251391307,6,5,3443378.6129474994,315836.02513913054,3759214.63808663,32925.741407648195,3759214.63808663
2026-04-09,1650006.0,1974486.9223203287,6,5,3443378.6129474994,324480.9223203287,3767859.535267828,8644.897181198,3767859.535267828
2026-04-10,1650006.0,1990313.4126001284,6,5,3443378.6129474994,340307.4126001284,3783686.025547628,15826.490279799793,3783686.025547628
2026-04-13,1650006.0,1999037.551599349,6,5,3443378.6129474994,349031.55159934895,3792410.1645468483,8724.13899922045,3792410.1645468483
2026-04-14,1650006.0,2043658.9114986416,6,5,3443378.6129474994,393652.91149864154,3837031.524446141,44621.3598992927,3837031.524446141
2026-04-15,1650006.0,2058903.0730457264,6,5,3443378.6129474994,408897.0730457263,3852275.685993226,15244.161547084805,3852275.685993226
2026-04-16,1650006.0,2055282.8642262418,6,5,3443378.6129474994,405276.8642262418,3848655.477173741,-3620.208819484804,3848655.477173741
2026-04-17,1650006.0,2076367.4845811438,6,5,3443378.6129474994,426361.4845811438,3869740.097528643,21084.620354902,3869740.097528643
2026-04-20,1650006.0,2071335.1842274251,6,5,3443378.6129474994,421329.1842274253,3864707.7971749245,-5032.300353718456,3864707.7971749245
2026-04-21,1650006.0,2055371.9385474685,6,5,3443378.6129474994,405365.9385474687,3848744.551494968,-15963.245679956395,3848744.551494968
2026-04-22,1650006.0,2075868.0330411145,6,5,3443378.6129474994,425862.0330411145,3869240.645988614,20496.09449364571,3869240.645988614
2026-04-23,1650006.0,2064477.880357014,6,5,3443378.6129474994,414471.88035701413,3857850.4933045134,-11390.152684100438,3857850.4933045134
